,school;sex;age;address;famsize;Pstatus;Medu;Fedu;Mjob;Fjob;reason;guardian;traveltime;studytime;failures;schoolsup;famsup;paid;activities;nursery;higher;internet;romantic;famrel;freetime;goout;Dalc;Walc;health;absences;G1;G2;G3
579,"MS;""M"";18;""U"";""LE3"";""T"";1;3;""at_home"";""services"";""course"";""mother"";1;1;0;""no"";""no"";""no"";""no"";""yes"";""no"";""yes"";""yes"";4;3;3;2;3;3;0;""9"";""10"";9"
211,"GP;""M"";16;""R"";""LE3"";""T"";3;3;""teacher"";""other"";""home"";""father"";3;1;0;""no"";""yes"";""no"";""yes"";""yes"";""yes"";""yes"";""no"";3;3;4;3;5;3;16;""10"";""11"";12"
9,"GP;""M"";15;""U"";""GT3"";""T"";3;4;""other"";""other"";""home"";""mother"";1;2;0;""no"";""yes"";""no"";""yes"";""yes"";""yes"";""yes"";""no"";5;5;1;1;1;5;0;""12"";""12"";13"
612,"MS;""M"";17;""R"";""GT3"";""T"";4;3;""services"";""other"";""home"";""mother"";2;2;1;""no"";""yes"";""yes"";""yes"";""no"";""yes"";""yes"";""yes"";4;5;5;1;3;2;4;""10"";""11"";11"
299,"GP;""F"";20;""R"";""GT3"";""T"";2;1;""other"";""other"";""course"";""other"";2;2;0;""no"";""yes"";""yes"";""yes"";""yes"";""no"";""yes"";""yes"";1;2;3;1;2;2;8;""10"";""12"";12"
355,"GP;""F"";17;""U"";""GT3"";""T"";2;3;""other"";""other"";""course"";""father"";2;2;0;""no"";""no"";""no"";""yes"";""yes"";""yes"";""yes"";""yes"";4;2;1;1;1;3;2;""11"";""12"";14"
634,"MS;""F"";18;""U"";""GT3"";""T"";3;3;""other"";""other"";""home"";""mother"";1;2;0;""no"";""no"";""no"";""no"";""yes"";""yes"";""yes"";""yes"";4;1;3;1;2;1;1;""16"";""16"";16"
573,"MS;""F"";17;""U"";""GT3"";""T"";1;1;""other"";""at_home"";""course"";""mother"";1;1;0;""no"";""yes"";""no"";""yes"";""yes"";""yes"";""no"";""no"";4;3;2;1;2;5;9;""7"";""9"";10"
84,"GP;""F"";15;""U"";""GT3"";""T"";1;1;""other"";""other"";""home"";""father"";1;2;0;""no"";""yes"";""no"";""yes"";""no"";""yes"";""yes"";""no"";4;3;2;2;3;4;2;""13"";""12"";12"
296,"GP;""M"";18;""U"";""GT3"";""T"";2;1;""other"";""other"";""home"";""mother"";1;2;0;""no"";""no"";""no"";""yes"";""yes"";""yes"";""yes"";""no"";5;2;4;1;2;4;2;""16"";""16"";16"
442,"MS;""M"";15;""R"";""LE3"";""T"";4;1;""health"";""services"";""reputation"";""father"";1;2;0;""no"";""yes"";""no"";""yes"";""yes"";""yes"";""yes"";""no"";5;3;4;1;2;2;0;""12"";""13"";14"
203,"GP;""M"";17;""R"";""GT3"";""T"";1;2;""at_home"";""other"";""home"";""mother"";1;2;0;""no"";""no"";""no"";""no"";""yes"";""yes"";""no"";""no"";3;1;3;1;5;3;6;""9"";""9"";10"
196,"GP;""F"";17;""U"";""GT3"";""T"";2;4;""services"";""services"";""reputation"";""father"";1;2;0;""no"";""yes"";""no"";""yes"";""yes"";""yes"";""no"";""no"";5;4;2;2;3;5;0;""17"";""18"";17"
278,"GP;""M"";17;""U"";""GT3"";""T"";2;3;""other"";""other"";""course"";""father"";2;1;0;""no"";""no"";""no"";""no"";""yes"";""yes"";""yes"";""no"";5;2;2;1;1;2;2;""9"";""12"";13"
93,"GP;""F"";16;""U"";""GT3"";""T"";4;2;""teacher"";""services"";""home"";""mother"";2;2;0;""no"";""yes"";""no"";""yes"";""yes"";""yes"";""yes"";""no"";5;3;3;1;1;1;2;""13"";""14"";14"
528,"MS;""F"";17;""R"";""GT3"";""T"";2;2;""at_home"";""other"";""other"";""mother"";1;1;0;""no"";""yes"";""yes"";""no"";""yes"";""yes"";""yes"";""no"";5;1;3;1;2;5;5;""9"";""9"";9"
490,"MS;""F"";18;""R"";""GT3"";""T"";1;1;""at_home"";""at_home"";""course"";""mother"";2;1;1;""no"";""no"";""no"";""no"";""no"";""no"";""yes"";""yes"";3;2;3;1;1;2;4;""9"";""11"";10"
591,"MS;""F"";18;""U"";""GT3"";""T"";2;2;""services"";""at_home"";""reputation"";""father"";2;2;0;""no"";""no"";""no"";""yes"";""no"";""yes"";""yes"";""no"";4;3;5;1;1;1;2;""12"";""13"";14"
28,"GP;""M"";16;""U"";""LE3"";""A"";3;4;""services"";""other"";""home"";""mother"";1;2;0;""yes"";""yes"";""yes"";""yes"";""yes"";""yes"";""yes"";""no"";5;3;3;1;1;5;2;""12"";""12"";13"
184,"GP;""M"";16;""U"";""GT3"";""T"";3;4;""other"";""other"";""course"";""father"";3;1;1;""no"";""yes"";""no"";""yes"";""no"";""yes"";""yes"";""no"";3;4;5;2;4;2;4;""9"";""9"";10"
521,"MS;""F"";16;""R"";""GT3"";""T"";2;3;""at_home"";""services"";""other"";""mother"";2;2;0;""no"";""yes"";""no"";""yes"";""yes"";""yes"";""yes"";""no"";3;3;3;1;1;2;0;""8"";""10"";10"
178,"GP;""M"";17;""R"";""LE3"";""T"";1;1;""other"";""services"";""course"";""mother"";4;2;0;""no"";""no"";""no"";""yes"";""yes"";""no"";""no"";""yes"";5;3;5;1;5;5;0;""8"";""8"";8"
260,"GP;""F"";16;""U"";""GT3"";""T"";1;2;""other"";""other"";""course"";""mother"";1;1;0;""no"";""no"";""no"";""no"";""yes"";""no"";""yes"";""no"";5;3;5;1;2;5;4;""12"";""11"";11"
153,"GP;""F"";15;""U"";""GT3"";""T"";4;4;""teacher"";""services"";""course"";""mother"";1;3;0;""no"";""yes"";""no"";""yes"";""yes"";""yes"";""yes"";""no"";4;2;2;1;1;5;2;""13"";""13"";13"
75,"GP;""M"";15;""U"";""GT3"";""T"";4;3;""teacher"";""other"";""home"";""mother"";1;2;0;""no"";""yes"";""no"";""yes"";""yes"";""yes"";""yes"";""no"";4;3;3;2;3;5;0;""11"";""11"";11"
357,"GP;""F"";18;""U"";""GT3"";""T"";4;3;""other"";""other"";""course"";""mother"";1;3;0;""no"";""yes"";""no"";""yes"";""yes"";""yes"";""yes"";""yes"";4;3;4;1;1;5;2;""14"";""15"";17"
92,"GP;""F"";16;""U"";""LE3"";""T"";3;1;""other"";""other"";""home"";""father"";1;2;0;""yes"";""yes"";""no"";""no"";""yes"";""yes"";""no"";""no"";3;3;3;2;3;2;0;""12"";""13"";12"
353,"GP;""F"";18;""U"";""GT3"";""T"";1;4;""other"";""teacher"";""home"";""mother"";1;2;0;""yes"";""yes"";""no"";""no"";""no"";""yes"";""no"";""yes"";3;4;4;1;2;5;2;""10"";""10"";11"
68,"GP;""F"";15;""R"";""LE3"";""T"";2;2;""health"";""services"";""reputation"";""mother"";2;2;0;""yes"";""yes"";""no"";""no"";""yes"";""yes"";""yes"";""no"";4;1;3;1;3;4;0;""11"";""10"";11"
377,"GP;""M"";18;""U"";""GT3"";""T"";4;4;""other"";""other"";""course"";""mother"";1;3;0;""no"";""no"";""no"";""yes"";""yes"";""yes"";""yes"";""no"";4;3;3;2;2;3;0;""13"";""14"";13"
334,"GP;""M"";18;""U"";""GT3"";""T"";2;1;""services"";""services"";""reputation"";""mother"";1;3;0;""no"";""no"";""no"";""yes"";""yes"";""yes"";""yes"";""no"";4;2;4;1;3;2;0;""14"";""15"";15"
188,"GP;""F"";16;""U"";""LE3"";""T"";3;3;""other"";""other"";""reputation"";""mother"";2;2;0;""no"";""yes"";""no"";""yes"";""yes"";""yes"";""yes"";""no"";4;4;5;1;1;4;0;""14"";""14"";15"
15,"GP;""F"";16;""U"";""GT3"";""T"";4;4;""health"";""other"";""home"";""mother"";1;1;0;""no"";""yes"";""no"";""no"";""yes"";""yes"";""yes"";""no"";4;4;4;1;2;2;6;""17"";""17"";17"
647,"MS;""M"";17;""U"";""LE3"";""T"";3;1;""services"";""services"";""course"";""mother"";2;1;0;""no"";""no"";""no"";""no"";""no"";""yes"";""yes"";""no"";2;4;5;3;4;2;6;""10"";""10"";10"
408,"GP;""M"";18;""U"";""LE3"";""T"";2;2;""services"";""services"";""reputation"";""mother"";1;2;0;""no"";""yes"";""no"";""yes"";""no"";""no"";""yes"";""no"";4;4;4;1;3;3;11;""9"";""11"";12"
88,"GP;""M"";16;""U"";""GT3"";""T"";2;2;""services"";""other"";""reputation"";""father"";2;2;0;""no"";""no"";""no"";""yes"";""no"";""yes"";""yes"";""no"";4;4;2;1;1;3;6;""12"";""10"";11"
544,"MS;""M"";17;""R"";""LE3"";""T"";1;3;""other"";""other"";""course"";""father"";2;1;0;""no"";""no"";""no"";""yes"";""yes"";""yes"";""no"";""yes"";5;1;2;3;3;5;2;""12"";""11"";12"
117,"GP;""M"";16;""U"";""GT3"";""T"";3;3;""other"";""services"";""home"";""father"";2;1;0;""no"";""no"";""no"";""yes"";""yes"";""yes"";""yes"";""no"";5;4;2;1;1;5;6;""14"";""14"";15"
637,"MS;""M"";18;""R"";""GT3"";""T"";2;1;""other"";""other"";""other"";""mother"";2;1;0;""no"";""no"";""no"";""yes"";""no"";""yes"";""yes"";""yes"";4;4;3;1;3;5;0;""7"";""7"";0"
486,"MS;""F"";16;""U"";""GT3"";""T"";2;2;""other"";""services"";""course"";""father"";1;1;1;""no"";""yes"";""yes"";""yes"";""no"";""yes"";""yes"";""no"";4;4;3;1;4;3;1;""9"";""10"";10"
33,"GP;""M"";15;""U"";""LE3"";""T"";3;3;""other"";""other"";""course"";""mother"";1;2;0;""no"";""no"";""no"";""yes"";""no"";""yes"";""yes"";""no"";5;3;2;1;1;2;0;""13"";""12"";12"
0,"GP;""F"";18;""U"";""GT3"";""A"";4;4;""at_home"";""teacher"";""course"";""mother"";2;2;0;""yes"";""no"";""no"";""no"";""yes"";""yes"";""no"";""no"";4;3;4;1;1;3;4;""0"";""11"";11"
641,"MS;""F"";18;""R"";""GT3"";""T"";2;2;""at_home"";""other"";""other"";""mother"";2;3;0;""no"";""no"";""no"";""no"";""yes"";""yes"";""no"";""no"";5;3;3;1;3;4;0;""14"";""17"";15"
250,"GP;""M"";17;""U"";""LE3"";""T"";2;2;""other"";""other"";""home"";""father"";1;2;0;""no"";""no"";""no"";""yes"";""no"";""yes"";""yes"";""yes"";4;4;2;5;5;4;0;""16"";""16"";16"
411,"GP;""M"";17;""U"";""LE3"";""A"";4;4;""health"";""other"";""reputation"";""mother"";1;3;0;""no"";""yes"";""no"";""no"";""yes"";""yes"";""yes"";""no"";4;4;2;1;2;4;2;""12"";""15"";15"
395,"GP;""M"";18;""U"";""GT3"";""T"";4;4;""teacher"";""services"";""home"";""father"";1;2;0;""no"";""yes"";""no"";""yes"";""yes"";""yes"";""yes"";""no"";4;3;3;2;2;2;0;""12"";""12"";13"
556,"MS;""M"";16;""R"";""LE3"";""T"";1;2;""other"";""at_home"";""course"";""mother"";1;1;0;""no"";""no"";""no"";""no"";""yes"";""yes"";""no"";""no"";4;4;4;2;4;5;4;""9"";""10"";11"
322,"GP;""F"";19;""R"";""GT3"";""T"";3;2;""services"";""services"";""reputation"";""father"";1;2;1;""yes"";""yes"";""no"";""no"";""yes"";""no"";""yes"";""no"";3;3;3;4;3;3;0;""9"";""8"";10"
22,"GP;""M"";16;""U"";""LE3"";""T"";4;2;""teacher"";""other"";""course"";""mother"";1;2;0;""no"";""no"";""no"";""yes"";""yes"";""yes"";""yes"";""no"";4;5;1;1;3;5;0;""12"";""13"";14"
61,"GP;""F"";16;""U"";""GT3"";""T"";1;1;""services"";""services"";""course"";""father"";4;1;0;""yes"";""yes"";""no"";""yes"";""no"";""yes"";""yes"";""yes"";5;5;5;5;5;5;0;""10"";""10"";16"
116,"GP;""M"";15;""U"";""GT3"";""T"";4;4;""other"";""teacher"";""reputation"";""father"";2;2;0;""no"";""yes"";""no"";""yes"";""yes"";""yes"";""no"";""no"";4;4;3;1;1;2;4;""16"";""15"";16"
595,"MS;""M"";18;""U"";""LE3"";""T"";4;4;""services"";""other"";""reputation"";""mother"";1;1;0;""no"";""yes"";""no"";""yes"";""yes"";""yes"";""yes"";""no"";5;4;5;1;1;5;3;""17"";""17"";17"
228,"GP;""F"";17;""R"";""LE3"";""T"";4;4;""services"";""other"";""other"";""mother"";1;1;0;""no"";""yes"";""no"";""no"";""yes"";""yes"";""no"";""no"";5;2;1;1;2;3;6;""12"";""11"";11"
89,"GP;""M"";16;""U"";""LE3"";""A"";4;4;""teacher"";""health"";""reputation"";""mother"";1;2;0;""no"";""yes"";""no"";""no"";""yes"";""yes"";""no"";""no"";4;1;3;3;5;5;6;""9"";""9"";10"
182,"GP;""F"";16;""U"";""GT3"";""T"";2;2;""other"";""other"";""home"";""mother"";1;2;0;""no"";""yes"";""no"";""no"";""no"";""yes"";""yes"";""no"";5;1;5;1;1;4;0;""12"";""12"";13"
275,"GP;""F"";18;""U"";""GT3"";""T"";2;1;""other"";""other"";""course"";""other"";2;3;0;""no"";""yes"";""no"";""no"";""no"";""yes"";""yes"";""yes"";4;4;4;1;1;3;10;""12"";""10"";11"
284,"GP;""M"";18;""U"";""GT3"";""T"";2;1;""services"";""services"";""other"";""mother"";1;1;2;""no"";""no"";""no"";""no"";""no"";""no"";""yes"";""no"";3;2;5;2;5;5;4;""7"";""8"";6"
18,"GP;""M"";17;""U"";""GT3"";""T"";3;2;""services"";""services"";""course"";""mother"";1;1;3;""no"";""yes"";""yes"";""yes"";""yes"";""yes"";""yes"";""no"";5;5;5;2;4;5;2;""8"";""8"";7"
305,"GP;""M"";17;""U"";""GT3"";""T"";2;2;""other"";""other"";""home"";""father"";2;1;0;""no"";""no"";""no"";""no"";""yes"";""no"";""yes"";""no"";4;4;4;2;3;4;8;""8"";""8"";9"
383,"GP;""M"";18;""U"";""LE3"";""T"";2;2;""other"";""other"";""course"";""mother"";1;4;0;""no"";""yes"";""yes"";""yes"";""yes"";""yes"";""yes"";""no"";4;5;5;2;4;5;0;""11"";""11"";12"
144,"GP;""F"";16;""R"";""GT3"";""T"";1;1;""other"";""services"";""reputation"";""mother"";2;1;0;""no"";""yes"";""no"";""yes"";""yes"";""yes"";""no"";""yes"";3;3;3;1;2;1;8;""12"";""11"";11"
369,"GP;""F"";19;""U"";""GT3"";""T"";1;1;""other"";""other"";""course"";""other"";3;3;0;""no"";""no"";""no"";""yes"";""yes"";""no"";""no"";""yes"";1;5;5;4;3;5;12;""10"";""10"";11"
329,"GP;""F"";17;""U"";""GT3"";""T"";2;2;""other"";""other"";""course"";""mother"";1;2;0;""no"";""yes"";""no"";""no"";""no"";""yes"";""yes"";""no"";5;4;5;1;2;5;12;""12"";""12"";14"
584,"MS;""F"";17;""R"";""GT3"";""T"";0;0;""at_home"";""other"";""course"";""mother"";2;1;0;""no"";""yes"";""no"";""no"";""yes"";""yes"";""yes"";""no"";4;4;3;1;1;5;0;""10"";""11"";11"
431,"MS;""F"";17;""R"";""GT3"";""T"";3;2;""at_home"";""other"";""course"";""father"";1;2;1;""no"";""no"";""no"";""no"";""yes"";""yes"";""no"";""yes"";4;5;4;1;2;5;0;""10"";""10"";10"
404,"GP;""F"";17;""U"";""GT3"";""T"";2;1;""services"";""other"";""reputation"";""mother"";1;2;0;""no"";""yes"";""no"";""yes"";""yes"";""yes"";""yes"";""no"";4;3;5;2;4;4;4;""12"";""16"";16"
46,"GP;""F"";16;""U"";""LE3"";""A"";3;3;""other"";""services"";""home"";""mother"";1;2;0;""no"";""yes"";""no"";""no"";""yes"";""yes"";""yes"";""no"";2;3;5;1;4;3;6;""13"";""12"";13"
261,"GP;""F"";17;""R"";""GT3"";""T"";2;1;""at_home"";""services"";""course"";""mother"";3;2;0;""no"";""no"";""no"";""yes"";""yes"";""yes"";""no"";""no"";2;1;1;1;1;3;2;""13"";""13"";13"
195,"GP;""M"";16;""U"";""GT3"";""T"";3;3;""services"";""other"";""home"";""mother"";1;2;0;""no"";""no"";""no"";""yes"";""yes"";""yes"";""yes"";""yes"";4;2;3;1;2;3;0;""11"";""12"";13"
648,"MS;""M"";18;""R"";""LE3"";""T"";3;2;""services"";""other"";""course"";""mother"";3;1;0;""no"";""no"";""no"";""no"";""no"";""yes"";""yes"";""no"";4;4;1;3;4;5;4;""10"";""11"";11"
539,"MS;""F"";16;""U"";""LE3"";""T"";4;1;""other"";""other"";""home"";""mother"";2;2;0;""no"";""yes"";""no"";""yes"";""yes"";""yes"";""yes"";""no"";1;2;4;2;2;1;8;""9"";""10"";10"
107,"GP;""M"";16;""U"";""GT3"";""T"";3;3;""services"";""other"";""home"";""father"";1;3;0;""no"";""yes"";""no"";""yes"";""yes"";""yes"";""yes"";""no"";5;3;3;1;1;5;4;""13"";""14"";14"
582,"MS;""F"";19;""U"";""LE3"";""A"";1;1;""at_home"";""other"";""course"";""mother"";1;1;0;""no"";""yes"";""no"";""no"";""yes"";""no"";""no"";""no"";1;4;4;1;1;5;0;""6"";""8"";7"
456,"MS;""F"";16;""U"";""GT3"";""T"";1;1;""at_home"";""other"";""course"";""father"";1;2;0;""no"";""yes"";""no"";""no"";""no"";""yes"";""no"";""yes"";5;4;3;2;1;2;0;""13"";""14"";15"
338,"GP;""F"";17;""R"";""LE3"";""T"";3;1;""services"";""other"";""reputation"";""mother"";2;4;0;""no"";""yes"";""no"";""no"";""yes"";""yes"";""no"";""no"";3;1;2;1;1;3;0;""18"";""19"";19"
473,"MS;""M"";16;""U"";""LE3"";""T"";2;1;""at_home"";""services"";""course"";""mother"";2;1;0;""no"";""yes"";""no"";""yes"";""yes"";""yes"";""yes"";""no"";2;4;3;2;3;4;4;""10"";""8"";10"
632,"MS;""F"";19;""R"";""GT3"";""T"";1;1;""at_home"";""other"";""course"";""other"";2;2;1;""no"";""yes"";""no"";""no"";""yes"";""yes"";""yes"";""yes"";4;3;3;1;1;3;4;""7"";""8"";9"
577,"MS;""M"";19;""R"";""GT3"";""T"";1;1;""other"";""services"";""home"";""other"";3;2;1;""no"";""no"";""no"";""no"";""yes"";""yes"";""yes"";""no"";5;4;4;3;3;2;8;""10"";""9"";11"
477,"MS;""M"";15;""U"";""GT3"";""T"";3;3;""services"";""services"";""course"";""father"";2;1;0;""no"";""yes"";""no"";""yes"";""no"";""yes"";""yes"";""no"";4;3;3;2;4;3;11;""12"";""10"";11"
483,"MS;""F"";16;""R"";""GT3"";""T"";2;2;""other"";""other"";""course"";""father"";3;2;0;""no"";""yes"";""no"";""no"";""yes"";""no"";""yes"";""no"";3;4;5;1;2;1;1;""9"";""10"";11"
417,"GP;""F"";18;""U"";""GT3"";""T"";3;2;""at_home"";""other"";""reputation"";""father"";1;3;0;""no"";""yes"";""no"";""no"";""yes"";""yes"";""yes"";""yes"";4;3;4;1;2;2;5;""14"";""17"";17"
149,"GP;""M"";15;""U"";""GT3"";""T"";4;3;""teacher"";""services"";""course"";""father"";2;4;0;""yes"";""yes"";""no"";""no"";""yes"";""yes"";""yes"";""no"";2;2;2;1;1;3;6;""9"";""11"";11"
124,"GP;""F"";16;""U"";""GT3"";""T"";2;2;""other"";""other"";""home"";""mother"";1;2;0;""no"";""no"";""no"";""no"";""yes"";""yes"";""yes"";""yes"";5;4;4;1;1;5;0;""12"";""11"";11"
513,"MS;""F"";16;""U"";""GT3"";""T"";3;1;""other"";""other"";""course"";""mother"";1;1;0;""no"";""no"";""no"";""yes"";""yes"";""yes"";""yes"";""no"";3;1;3;1;3;1;0;""8"";""6"";8"
558,"MS;""M"";17;""R"";""GT3"";""T"";2;2;""other"";""other"";""course"";""mother"";2;1;0;""no"";""no"";""no"";""yes"";""yes"";""no"";""no"";""yes"";5;5;5;3;5;5;0;""8"";""13"";10"
185,"GP;""M"";16;""U"";""GT3"";""T"";1;0;""other"";""other"";""reputation"";""mother"";2;2;0;""no"";""yes"";""no"";""yes"";""yes"";""yes"";""yes"";""yes"";4;3;2;1;1;3;0;""16"";""17"";18"
635,"MS;""F"";17;""R"";""GT3"";""T"";3;1;""at_home"";""other"";""reputation"";""mother"";1;2;0;""no"";""yes"";""no"";""yes"";""no"";""yes"";""yes"";""no"";4;5;4;2;3;1;10;""8"";""9"";9"
485,"MS;""F"";17;""R"";""GT3"";""T"";2;2;""at_home"";""other"";""course"";""mother"";2;2;0;""no"";""yes"";""no"";""no"";""yes"";""yes"";""yes"";""no"";4;3;5;1;2;4;0;""11"";""10"";11"
639,"MS;""M"";19;""R"";""GT3"";""T"";1;1;""other"";""services"";""other"";""mother"";2;1;1;""no"";""no"";""no"";""no"";""yes"";""yes"";""no"";""no"";4;3;2;1;3;5;0;""5"";""8"";0"
597,"MS;""F"";18;""R"";""GT3"";""T"";2;2;""at_home"";""other"";""course"";""mother"";3;2;1;""no"";""no"";""no"";""yes"";""yes"";""yes"";""no"";""yes"";4;3;3;1;1;4;0;""9"";""0"";0"
142,"GP;""M"";18;""U"";""LE3"";""T"";3;1;""services"";""services"";""course"";""mother"";2;1;0;""no"";""no"";""no"";""yes"";""yes"";""yes"";""yes"";""yes"";3;3;4;4;5;4;2;""11"";""11"";12"
141,"GP;""F"";16;""R"";""GT3"";""T"";1;1;""at_home"";""other"";""course"";""mother"";4;2;0;""no"";""yes"";""no"";""no"";""yes"";""yes"";""no"";""no"";5;1;3;1;1;3;0;""14"";""13"";13"
516,"MS;""F"";16;""R"";""GT3"";""T"";4;4;""health"";""teacher"";""reputation"";""father"";1;2;0;""no"";""no"";""no"";""yes"";""no"";""yes"";""yes"";""yes"";4;3;3;2;3;2;0;""14"";""16"";16"
19,"GP;""M"";16;""U"";""LE3"";""T"";4;3;""health"";""other"";""home"";""father"";1;1;0;""no"";""no"";""no"";""yes"";""yes"";""yes"";""yes"";""no"";3;1;3;1;3;5;6;""12"";""12"";12"
172,"GP;""M"";16;""U"";""GT3"";""T"";3;3;""other"";""services"";""course"";""father"";1;2;1;""no"";""yes"";""no"";""no"";""yes"";""yes"";""yes"";""yes"";4;5;5;4;4;5;0;""10"";""10"";1"
525,"MS;""M"";17;""U"";""LE3"";""T"";4;4;""other"";""services"";""home"";""mother"";1;3;0;""no"";""yes"";""no"";""no"";""yes"";""yes"";""yes"";""no"";4;4;3;1;2;5;0;""15"";""14"";16"
12,"GP;""M"";15;""U"";""LE3"";""T"";4;4;""health"";""services"";""course"";""father"";1;1;0;""no"";""yes"";""no"";""yes"";""yes"";""yes"";""yes"";""no"";4;3;3;1;3;5;0;""12"";""13"";12"
25,"GP;""F"";16;""U"";""GT3"";""T"";2;2;""services"";""services"";""home"";""mother"";1;1;0;""no"";""yes"";""no"";""no"";""no"";""yes"";""yes"";""no"";1;2;2;1;3;5;6;""10"";""11"";12"
450,"MS;""F"";16;""R"";""GT3"";""T"";2;3;""other"";""services"";""course"";""mother"";3;2;0;""no"";""yes"";""no"";""no"";""yes"";""yes"";""yes"";""no"";4;5;4;1;2;1;2;""15"";""15"";15"
169,"GP;""M"";17;""R"";""LE3"";""T"";1;2;""other"";""other"";""reputation"";""mother"";1;1;3;""no"";""no"";""no"";""no"";""yes"";""yes"";""no"";""no"";2;2;2;3;3;5;14;""9"";""8"";10"
414,"GP;""F"";20;""R"";""GT3"";""T"";1;1;""other"";""other"";""reputation"";""other"";2;3;0;""no"";""no"";""no"";""no"";""yes"";""yes"";""yes"";""yes"";3;2;2;1;3;3;8;""11"";""15"";15"
354,"GP;""F"";18;""U"";""GT3"";""T"";2;1;""services"";""other"";""course"";""mother"";2;2;0;""no"";""yes"";""no"";""yes"";""yes"";""yes"";""yes"";""no"";5;3;3;1;2;1;2;""12"";""12"";15"
245,"GP;""M"";17;""R"";""GT3"";""T"";2;2;""other"";""other"";""course"";""father"";2;2;0;""no"";""yes"";""no"";""yes"";""yes"";""yes"";""yes"";""no"";4;5;2;1;1;1;0;""12"";""13"";13"
552,"MS;""M"";19;""U"";""GT3"";""T"";1;1;""other"";""other"";""other"";""mother"";1;2;2;""no"";""yes"";""no"";""yes"";""yes"";""no"";""yes"";""no"";4;4;3;3;4;4;2;""9"";""9"";10"
272,"GP;""M"";17;""R"";""GT3"";""T"";1;1;""other"";""other"";""home"";""father"";2;3;0;""no"";""no"";""no"";""no"";""no"";""yes"";""yes"";""yes"";4;3;3;1;1;1;2;""13"";""14"";15"
154,"GP;""F"";16;""U"";""LE3"";""T"";1;1;""at_home"";""at_home"";""course"";""mother"";1;1;0;""no"";""no"";""no"";""no"";""yes"";""yes"";""yes"";""no"";3;4;4;3;3;1;4;""10"";""11"";11"
126,"GP;""F"";15;""U"";""LE3"";""A"";3;4;""other"";""other"";""home"";""mother"";1;2;0;""yes"";""no"";""no"";""yes"";""yes"";""yes"";""yes"";""yes"";5;3;2;1;1;1;0;""10"";""11"";11"
409,"GP;""M"";18;""U"";""LE3"";""A"";3;4;""other"";""other"";""reputation"";""other"";1;2;0;""no"";""no"";""no"";""yes"";""yes"";""yes"";""yes"";""yes"";4;3;5;1;4;2;9;""13"";""14"";15"
287,"GP;""M"";17;""U"";""LE3"";""T"";1;1;""health"";""other"";""course"";""mother"";2;1;1;""no"";""yes"";""no"";""yes"";""yes"";""yes"";""yes"";""no"";4;4;4;1;2;5;0;""9"";""10"";10"
113,"GP;""M"";15;""U"";""LE3"";""T"";4;2;""teacher"";""other"";""course"";""mother"";1;1;0;""no"";""no"";""no"";""no"";""yes"";""yes"";""yes"";""no"";3;5;2;1;1;3;10;""18"";""17"";18"
449,"MS;""F"";15;""R"";""GT3"";""T"";1;2;""other"";""services"";""course"";""mother"";2;1;0;""no"";""no"";""no"";""no"";""yes"";""yes"";""no"";""no"";5;1;2;1;1;1;3;""11"";""13"";13"
173,"GP;""M"";16;""U"";""LE3"";""T"";1;2;""health"";""services"";""course"";""mother"";2;1;2;""no"";""no"";""no"";""no"";""no"";""yes"";""yes"";""no"";4;4;5;3;5;5;0;""9"";""8"";10"
57,"GP;""M"";15;""U"";""GT3"";""T"";4;4;""teacher"";""health"";""reputation"";""mother"";1;2;0;""no"";""yes"";""no"";""yes"";""yes"";""yes"";""no"";""no"";3;2;2;1;1;5;8;""15"";""15"";16"
398,"GP;""F"";18;""U"";""GT3"";""T"";2;3;""at_home"";""other"";""course"";""mother"";1;3;0;""no"";""yes"";""no"";""no"";""yes"";""yes"";""yes"";""no"";4;3;3;1;2;3;0;""11"";""12"";14"
222,"GP;""F"";16;""U"";""GT3"";""T"";1;1;""at_home"";""other"";""home"";""mother"";2;1;0;""no"";""yes"";""no"";""no"";""yes"";""yes"";""no"";""no"";4;3;2;1;4;5;2;""12"";""13"";13"
280,"GP;""M"";18;""R"";""LE3"";""T"";3;3;""other"";""services"";""course"";""mother"";1;2;0;""no"";""yes"";""no"";""no"";""yes"";""yes"";""yes"";""yes"";4;3;3;1;3;5;8;""10"";""9"";10"
17,"GP;""F"";16;""U"";""GT3"";""T"";3;3;""other"";""other"";""reputation"";""mother"";3;2;0;""yes"";""yes"";""no"";""yes"";""yes"";""yes"";""no"";""no"";5;3;2;1;1;4;2;""13"";""14"";14"
356,"GP;""F"";17;""R"";""GT3"";""T"";4;4;""teacher"";""teacher"";""course"";""mother"";1;1;0;""no"";""no"";""no"";""yes"";""yes"";""yes"";""yes"";""no"";4;4;4;1;1;5;2;""15"";""16"";17"
255,"GP;""F"";18;""U"";""GT3"";""T"";3;3;""other"";""other"";""course"";""mother"";2;1;1;""no"";""no"";""no"";""no"";""yes"";""no"";""yes"";""no"";4;1;1;1;1;3;14;""8"";""7"";7"
363,"GP;""F"";18;""U"";""GT3"";""T"";3;4;""other"";""other"";""course"";""mother"";1;1;0;""no"";""yes"";""no"";""yes"";""yes"";""yes"";""yes"";""yes"";5;4;4;1;1;1;4;""11"";""12"";14"
621,"MS;""F"";17;""R"";""GT3"";""T"";1;2;""other"";""services"";""course"";""father"";2;2;0;""no"";""no"";""no"";""no"";""no"";""yes"";""no"";""no"";3;2;2;1;2;3;0;""13"";""13"";13"
190,"GP;""F"";16;""U"";""GT3"";""T"";2;2;""services"";""other"";""reputation"";""mother"";2;2;0;""no"";""no"";""no"";""yes"";""no"";""yes"";""yes"";""no"";3;4;4;1;4;5;0;""13"";""12"";14"
381,"GP;""F"";17;""U"";""GT3"";""T"";4;4;""teacher"";""teacher"";""course"";""mother"";2;3;0;""no"";""yes"";""no"";""no"";""no"";""yes"";""yes"";""yes"";4;3;3;1;2;4;4;""15"";""14"";15"
569,"MS;""M"";18;""U"";""GT3"";""T"";3;3;""at_home"";""at_home"";""course"";""mother"";1;2;2;""no"";""yes"";""no"";""yes"";""yes"";""no"";""yes"";""no"";4;4;5;1;3;3;9;""4"";""8"";8"
326,"GP;""M"";17;""U"";""LE3"";""A"";3;2;""teacher"";""services"";""home"";""mother"";1;1;0;""no"";""no"";""no"";""no"";""yes"";""yes"";""yes"";""no"";4;4;4;3;4;3;18;""13"";""13"";13"
94,"GP;""M"";15;""U"";""LE3"";""T"";2;2;""services"";""health"";""reputation"";""mother"";1;4;0;""no"";""yes"";""no"";""yes"";""yes"";""yes"";""yes"";""no"";4;3;4;1;1;4;2;""11"";""12"";12"
180,"GP;""M"";16;""U"";""GT3"";""T"";2;2;""other"";""other"";""course"";""father"";1;2;0;""no"";""no"";""no"";""no"";""yes"";""no"";""yes"";""no"";4;3;5;2;4;4;0;""9"";""10"";11"
301,"GP;""M"";18;""U"";""GT3"";""T"";4;3;""teacher"";""other"";""course"";""mother"";1;2;0;""no"";""yes"";""no"";""no"";""no"";""yes"";""yes"";""no"";4;3;2;1;1;3;2;""10"";""10"";11"
480,"MS;""F"";19;""U"";""GT3"";""T"";2;3;""at_home"";""services"";""course"";""other"";1;1;1;""no"";""no"";""no"";""no"";""yes"";""no"";""yes"";""yes"";4;4;4;1;1;2;0;""9"";""9"";10"
436,"MS;""F"";15;""R"";""LE3"";""T"";1;1;""other"";""services"";""course"";""mother"";2;1;1;""no"";""yes"";""no"";""no"";""yes"";""yes"";""yes"";""yes"";4;4;3;1;2;2;4;""6"";""7"";8"
581,"MS;""F"";18;""U"";""GT3"";""A"";1;2;""at_home"";""other"";""course"";""mother"";2;2;2;""no"";""yes"";""no"";""no"";""yes"";""yes"";""no"";""no"";4;3;3;1;1;5;2;""6"";""8"";8"
488,"MS;""F"";19;""U"";""GT3"";""T"";1;1;""at_home"";""services"";""course"";""mother"";1;3;1;""no"";""no"";""no"";""yes"";""yes"";""no"";""no"";""yes"";5;3;1;1;1;3;6;""7"";""9"";9"
5,"GP;""M"";16;""U"";""LE3"";""T"";4;3;""services"";""other"";""reputation"";""mother"";1;2;0;""no"";""yes"";""no"";""yes"";""yes"";""yes"";""yes"";""no"";5;4;2;1;2;5;6;""12"";""12"";13"
45,"GP;""F"";15;""U"";""LE3"";""A"";4;3;""other"";""other"";""course"";""mother"";1;2;0;""yes"";""yes"";""yes"";""yes"";""yes"";""yes"";""yes"";""yes"";5;2;2;1;1;5;4;""10"";""11"";11"
424,"MS;""F"";16;""R"";""GT3"";""T"";2;2;""other"";""other"";""course"";""mother"";2;2;0;""no"";""yes"";""no"";""yes"";""yes"";""yes"";""yes"";""no"";4;4;4;1;1;5;0;""12"";""12"";12"
465,"MS;""F"";18;""U"";""GT3"";""T"";1;2;""other"";""other"";""course"";""father"";1;2;1;""no"";""yes"";""no"";""yes"";""yes"";""yes"";""yes"";""yes"";3;4;4;2;3;5;9;""9"";""8"";8"
500,"MS;""M"";17;""U"";""GT3"";""T"";1;2;""other"";""other"";""course"";""father"";1;1;1;""no"";""yes"";""no"";""yes"";""yes"";""no"";""yes"";""yes"";5;3;5;5;5;1;12;""6"";""7"";7"
16,"GP;""F"";16;""U"";""GT3"";""T"";4;4;""services"";""services"";""reputation"";""mother"";1;3;0;""no"";""yes"";""no"";""yes"";""yes"";""yes"";""yes"";""no"";3;2;3;1;2;2;10;""13"";""13"";14"
48,"GP;""M"";15;""U"";""GT3"";""T"";4;2;""teacher"";""other"";""home"";""mother"";1;2;0;""no"";""yes"";""no"";""no"";""yes"";""yes"";""no"";""no"";4;3;3;2;2;5;4;""11"";""12"";13"
627,"MS;""M"";18;""R"";""LE3"";""T"";1;2;""at_home"";""services"";""other"";""father"";3;1;0;""no"";""yes"";""no"";""yes"";""yes"";""no"";""yes"";""yes"";4;3;3;2;3;3;3;""9"";""10"";10"
592,"MS;""F"";17;""U"";""GT3"";""T"";3;3;""services"";""services"";""course"";""mother"";2;1;0;""no"";""yes"";""no"";""no"";""yes"";""yes"";""yes"";""no"";4;4;3;1;1;4;0;""11"";""12"";13"
3,"GP;""F"";15;""U"";""GT3"";""T"";4;2;""health"";""services"";""home"";""mother"";1;3;0;""no"";""yes"";""no"";""yes"";""yes"";""yes"";""yes"";""yes"";3;2;2;1;1;5;0;""14"";""14"";14"
586,"MS;""F"";17;""U"";""GT3"";""T"";4;2;""teacher"";""services"";""home"";""mother"";1;2;0;""yes"";""yes"";""no"";""yes"";""yes"";""yes"";""yes"";""no"";5;5;5;1;3;5;0;""8"";""8"";0"
412,"GP;""F"";18;""U"";""LE3"";""T"";4;2;""teacher"";""other"";""course"";""mother"";1;2;0;""no"";""yes"";""no"";""yes"";""yes"";""yes"";""yes"";""no"";4;2;2;1;1;3;0;""14"";""17"";17"
316,"GP;""F"";17;""U"";""GT3"";""T"";2;4;""at_home"";""health"";""reputation"";""mother"";2;2;0;""no"";""yes"";""no"";""no"";""yes"";""yes"";""yes"";""yes"";4;3;3;1;1;1;6;""15"";""16"";16"
283,"GP;""M"";16;""U"";""GT3"";""T"";3;3;""at_home"";""other"";""reputation"";""other"";3;2;1;""yes"";""yes"";""no"";""no"";""no"";""yes"";""yes"";""no"";5;3;3;1;3;2;4;""9"";""11"";10"
433,"MS;""F"";15;""R"";""GT3"";""T"";4;4;""teacher"";""other"";""course"";""mother"";2;1;0;""no"";""no"";""no"";""no"";""yes"";""yes"";""yes"";""yes"";1;5;1;3;5;5;0;""13"";""14"";14"
285,"GP;""M"";16;""R"";""GT3"";""T"";2;1;""other"";""other"";""course"";""mother"";2;1;0;""no"";""no"";""no"";""yes"";""no"";""yes"";""no"";""no"";3;3;2;1;3;3;2;""14"";""13"";12"
360,"GP;""F"";18;""U"";""GT3"";""T"";3;3;""at_home"";""other"";""course"";""father"";1;2;0;""no"";""yes"";""no"";""no"";""yes"";""yes"";""yes"";""no"";4;1;4;1;1;3;8;""11"";""12"";14"
225,"GP;""M"";17;""U"";""LE3"";""T"";4;4;""services"";""other"";""home"";""mother"";1;2;0;""no"";""yes"";""no"";""no"";""yes"";""yes"";""yes"";""yes"";5;3;5;4;5;3;15;""13"";""12"";12"
26,"GP;""M"";15;""U"";""GT3"";""T"";2;2;""other"";""other"";""home"";""mother"";1;1;0;""no"";""yes"";""no"";""no"";""yes"";""yes"";""yes"";""no"";4;2;2;1;2;5;8;""11"";""12"";12"
509,"MS;""F"";16;""R"";""LE3"";""T"";1;1;""at_home"";""other"";""course"";""father"";3;2;0;""no"";""yes"";""no"";""no"";""yes"";""yes"";""no"";""no"";5;3;2;1;1;1;0;""16"";""17"";18"
263,"GP;""M"";18;""U"";""GT3"";""T"";2;2;""other"";""services"";""reputation"";""father"";1;2;0;""no"";""no"";""no"";""no"";""yes"";""no"";""yes"";""no"";5;5;4;3;5;2;16;""8"";""7"";8"
50,"GP;""F"";16;""U"";""LE3"";""T"";2;2;""services"";""services"";""course"";""mother"";3;2;0;""no"";""yes"";""no"";""no"";""yes"";""yes"";""yes"";""no"";4;3;3;2;3;4;0;""14"";""13"";13"
229,"GP;""F"";17;""U"";""LE3"";""T"";3;2;""other"";""other"";""reputation"";""mother"";2;2;0;""no"";""no"";""no"";""no"";""yes"";""yes"";""yes"";""no"";4;4;4;1;3;1;2;""14"";""16"";15"
37,"GP;""M"";16;""R"";""GT3"";""A"";4;4;""other"";""teacher"";""reputation"";""mother"";2;3;0;""no"";""yes"";""no"";""yes"";""yes"";""yes"";""yes"";""yes"";2;4;3;1;1;5;4;""13"";""13"";13"
157,"GP;""F"";15;""U"";""LE3"";""A"";2;1;""at_home"";""other"";""home"";""mother"";2;1;0;""no"";""yes"";""no"";""yes"";""yes"";""no"";""yes"";""yes"";4;4;2;1;1;5;0;""11"";""10"";10"
237,"GP;""M"";18;""U"";""GT3"";""T"";2;2;""other"";""other"";""home"";""mother"";2;2;3;""no"";""yes"";""yes"";""no"";""yes"";""yes"";""yes"";""no"";3;3;3;5;5;4;9;""10"";""9"";10"
622,"MS;""M"";18;""R"";""GT3"";""T"";1;3;""at_home"";""other"";""course"";""mother"";2;2;0;""no"";""yes"";""yes"";""no"";""yes"";""yes"";""no"";""no"";3;3;4;2;4;3;0;""8"";""10"";9"
175,"GP;""M"";17;""R"";""GT3"";""T"";3;2;""other"";""other"";""course"";""mother"";2;2;2;""yes"";""yes"";""no"";""no"";""yes"";""yes"";""yes"";""yes"";4;4;4;1;4;3;4;""7"";""6"";8"
545,"MS;""M"";17;""U"";""GT3"";""T"";3;4;""services"";""other"";""other"";""mother"";1;2;1;""no"";""yes"";""no"";""yes"";""no"";""yes"";""yes"";""yes"";5;4;4;3;4;5;8;""8"";""9"";8"
451,"MS;""M"";16;""R"";""GT3"";""T"";1;2;""other"";""other"";""course"";""father"";2;2;0;""no"";""no"";""no"";""no"";""yes"";""yes"";""no"";""no"";4;3;3;1;1;5;0;""10"";""11"";11"
194,"GP;""M"";16;""U"";""GT3"";""T"";4;3;""teacher"";""other"";""home"";""mother"";1;2;0;""no"";""yes"";""yes"";""yes"";""yes"";""yes"";""yes"";""no"";3;4;3;2;3;3;4;""11"";""10"";11"
547,"MS;""M"";16;""R"";""LE3"";""T"";4;1;""other"";""at_home"";""other"";""father"";1;1;0;""no"";""no"";""no"";""no"";""yes"";""yes"";""yes"";""no"";4;1;2;2;1;2;0;""10"";""11"";11"
388,"GP;""F"";18;""U"";""GT3"";""T"";3;3;""services"";""services"";""home"";""mother"";1;2;0;""no"";""no"";""no"";""yes"";""yes"";""yes"";""yes"";""no"";5;3;4;1;1;4;8;""10"";""11"";12"
626,"MS;""F"";18;""R"";""GT3"";""T"";4;4;""other"";""teacher"";""other"";""father"";3;2;0;""no"";""yes"";""no"";""no"";""no"";""yes"";""yes"";""yes"";3;2;2;4;2;5;0;""7"";""5"";0"
553,"MS;""M"";17;""U"";""LE3"";""A"";1;0;""other"";""other"";""home"";""mother"";1;1;0;""no"";""no"";""no"";""no"";""yes"";""yes"";""no"";""yes"";4;1;2;1;1;5;4;""11"";""11"";12"
67,"GP;""F"";16;""U"";""GT3"";""T"";3;1;""services"";""other"";""course"";""mother"";1;4;0;""yes"";""yes"";""no"";""no"";""yes"";""yes"";""yes"";""no"";4;3;3;1;2;5;0;""10"";""9"";10"
382,"GP;""F"";17;""U"";""GT3"";""T"";3;3;""at_home"";""other"";""course"";""mother"";1;1;0;""no"";""yes"";""yes"";""yes"";""yes"";""yes"";""yes"";""no"";4;2;5;2;5;5;2;""11"";""12"";11"
168,"GP;""M"";15;""R"";""GT3"";""T"";2;3;""at_home"";""services"";""course"";""mother"";1;2;0;""yes"";""no"";""yes"";""yes"";""yes"";""yes"";""no"";""no"";4;4;4;1;1;1;0;""7"";""8"";8"
588,"MS;""F"";17;""U"";""GT3"";""T"";4;1;""health"";""at_home"";""course"";""mother"";1;1;0;""no"";""yes"";""no"";""no"";""yes"";""yes"";""no"";""yes"";3;2;2;1;1;5;0;""8"";""10"";9"
162,"GP;""M"";15;""U"";""LE3"";""A"";2;1;""services"";""other"";""course"";""mother"";4;1;0;""no"";""no"";""no"";""no"";""yes"";""yes"";""yes"";""no"";4;5;5;2;5;5;0;""12"";""11"";11"
309,"GP;""M"";18;""U"";""GT3"";""T"";4;2;""health"";""other"";""reputation"";""father"";1;2;0;""no"";""yes"";""no"";""yes"";""yes"";""yes"";""yes"";""yes"";5;4;5;1;3;5;4;""10"";""12"";14"
193,"GP;""M"";17;""U"";""GT3"";""T"";4;3;""other"";""other"";""course"";""mother"";1;2;0;""no"";""yes"";""yes"";""yes"";""yes"";""yes"";""yes"";""yes"";5;2;3;1;1;2;4;""11"";""11"";13"
629,"MS;""F"";17;""R"";""GT3"";""T"";1;2;""other"";""other"";""course"";""mother"";1;1;0;""no"";""no"";""no"";""yes"";""yes"";""yes"";""yes"";""no"";3;5;5;1;3;1;4;""7"";""8"";9"
365,"GP;""F"";17;""U"";""GT3"";""A"";4;3;""services"";""services"";""course"";""mother"";1;2;0;""no"";""yes"";""no"";""no"";""yes"";""yes"";""yes"";""yes"";5;2;2;1;2;5;14;""15"";""14"";17"
428,"MS;""F"";15;""R"";""LE3"";""T"";2;1;""at_home"";""other"";""home"";""mother"";2;1;0;""no"";""no"";""no"";""no"";""yes"";""no"";""no"";""no"";1;3;4;1;1;1;0;""6"";""8"";9"
152,"GP;""M"";16;""U"";""LE3"";""T"";2;2;""services"";""services"";""reputation"";""father"";2;1;0;""no"";""yes"";""no"";""yes"";""yes"";""yes"";""yes"";""no"";2;3;3;2;2;2;4;""12"";""11"";11"
390,"GP;""F"";18;""R"";""GT3"";""T"";2;2;""at_home"";""other"";""course"";""mother"";2;4;0;""no"";""no"";""no"";""yes"";""yes"";""yes"";""no"";""no"";4;4;4;1;1;4;6;""14"";""13"";14"
423,"MS;""F"";16;""U"";""GT3"";""T"";1;3;""at_home"";""other"";""other"";""father"";2;1;0;""no"";""yes"";""no"";""no"";""yes"";""no"";""yes"";""yes"";4;3;3;1;3;5;11;""10"";""11"";11"
226,"GP;""F"";16;""U"";""GT3"";""A"";2;2;""other"";""other"";""reputation"";""mother"";1;2;0;""yes"";""yes"";""no"";""no"";""yes"";""yes"";""yes"";""no"";3;3;4;1;1;4;0;""13"";""13"";13"
396,"GP;""M"";18;""U"";""LE3"";""T"";3;4;""services"";""other"";""home"";""mother"";1;2;0;""no"";""no"";""no"";""yes"";""yes"";""yes"";""yes"";""yes"";4;3;3;1;3;5;6;""16"";""16"";17"
519,"MS;""M"";16;""R"";""GT3"";""T"";2;1;""other"";""services"";""reputation"";""mother"";2;2;0;""no"";""no"";""no"";""yes"";""yes"";""yes"";""yes"";""no"";5;2;1;1;1;2;0;""8"";""7"";0"
103,"GP;""F"";15;""U"";""GT3"";""T"";3;2;""services"";""other"";""home"";""mother"";2;2;0;""yes"";""yes"";""no"";""no"";""yes"";""yes"";""yes"";""no"";4;3;5;1;1;2;16;""11"";""10"";10"
468,"MS;""M"";15;""U"";""GT3"";""T"";2;2;""health"";""other"";""reputation"";""mother"";3;1;0;""no"";""no"";""no"";""no"";""yes"";""yes"";""no"";""no"";4;3;3;1;2;4;1;""13"";""12"";13"
74,"GP;""F"";16;""U"";""GT3"";""T"";3;3;""other"";""services"";""home"";""mother"";1;2;0;""yes"";""yes"";""no"";""yes"";""yes"";""yes"";""yes"";""no"";4;3;3;2;4;5;4;""11"";""11"";11"
506,"MS;""F"";20;""U"";""GT3"";""T"";3;3;""at_home"";""services"";""other"";""mother"";2;2;1;""no"";""no"";""no"";""yes"";""yes"";""yes"";""yes"";""yes"";3;3;4;2;4;3;8;""11"";""9"";10"
625,"MS;""F"";18;""U"";""GT3"";""T"";2;3;""at_home"";""services"";""course"";""father"";2;1;0;""no"";""yes"";""no"";""no"";""yes"";""yes"";""yes"";""yes"";5;2;3;1;2;4;0;""10"";""10"";10"
119,"GP;""M"";15;""U"";""GT3"";""T"";3;4;""other"";""other"";""reputation"";""father"";1;1;0;""no"";""no"";""no"";""no"";""yes"";""yes"";""yes"";""no"";3;4;3;1;2;4;2;""14"";""13"";14"
464,"MS;""M"";16;""R"";""GT3"";""T"";1;1;""at_home"";""other"";""other"";""father"";2;1;0;""no"";""no"";""no"";""yes"";""yes"";""yes"";""no"";""no"";3;4;4;3;4;5;6;""11"";""11"";11"
630,"MS;""F"";18;""R"";""LE3"";""T"";4;4;""other"";""other"";""reputation"";""mother"";2;3;0;""no"";""no"";""no"";""no"";""yes"";""yes"";""yes"";""no"";5;4;4;1;1;1;0;""15"";""17"";17"
610,"MS;""F"";19;""R"";""GT3"";""A"";1;1;""at_home"";""at_home"";""course"";""other"";2;2;3;""no"";""yes"";""no"";""yes"";""yes"";""no"";""no"";""yes"";3;5;4;1;4;1;0;""8"";""0"";0"
207,"GP;""M"";16;""R"";""GT3"";""T"";3;3;""services"";""services"";""reputation"";""mother"";1;1;0;""no"";""yes"";""no"";""yes"";""yes"";""yes"";""yes"";""no"";4;3;2;3;4;5;0;""11"";""10"";10"
536,"MS;""M"";15;""U"";""LE3"";""A"";2;2;""other"";""other"";""reputation"";""mother"";3;4;0;""no"";""yes"";""no"";""yes"";""yes"";""yes"";""no"";""no"";5;4;5;2;3;5;8;""13"";""14"";14"
421,"GP;""F"";20;""U"";""GT3"";""T"";1;0;""other"";""other"";""reputation"";""mother"";2;1;1;""yes"";""no"";""no"";""no"";""yes"";""yes"";""yes"";""yes"";5;3;1;1;1;5;5;""8"";""10"";10"
407,"GP;""F"";21;""U"";""LE3"";""T"";4;4;""other"";""other"";""reputation"";""other"";1;3;2;""no"";""no"";""yes"";""yes"";""yes"";""yes"";""yes"";""no"";3;3;2;1;1;5;0;""9"";""12"";12"
529,"MS;""F"";16;""U"";""LE3"";""T"";4;4;""services"";""services"";""other"";""father"";2;1;0;""no"";""yes"";""no"";""no"";""yes"";""yes"";""no"";""no"";5;1;3;1;2;5;1;""11"";""11"";11"
8,"GP;""M"";15;""U"";""LE3"";""A"";3;2;""services"";""other"";""home"";""mother"";1;2;0;""no"";""yes"";""no"";""no"";""yes"";""yes"";""yes"";""no"";4;2;2;1;1;1;0;""15"";""16"";17"
453,"MS;""F"";16;""U"";""GT3"";""T"";1;2;""other"";""services"";""course"";""mother"";1;3;1;""no"";""yes"";""no"";""no"";""yes"";""yes"";""no"";""no"";1;3;2;1;2;4;0;""10"";""8"";8"
36,"GP;""M"";15;""U"";""LE3"";""T"";4;3;""teacher"";""services"";""home"";""mother"";1;3;0;""no"";""yes"";""no"";""yes"";""yes"";""yes"";""yes"";""no"";5;4;3;1;1;4;0;""14"";""14"";14"
139,"GP;""F"";15;""U"";""GT3"";""T"";4;4;""services"";""at_home"";""course"";""mother"";1;3;0;""no"";""yes"";""no"";""yes"";""yes"";""yes"";""yes"";""yes"";4;3;3;1;1;5;4;""13"";""14"";15"
253,"GP;""F"";18;""U"";""LE3"";""A"";2;4;""services"";""other"";""course"";""mother"";2;2;1;""no"";""yes"";""no"";""no"";""yes"";""yes"";""yes"";""no"";4;3;3;1;1;3;18;""10"";""10"";10"
303,"GP;""F"";17;""U"";""GT3"";""T"";3;3;""other"";""other"";""home"";""mother"";1;3;0;""no"";""no"";""no"";""yes"";""no"";""yes"";""no"";""no"";3;2;3;1;1;4;2;""15"";""12"";13"
517,"MS;""F"";16;""R"";""LE3"";""T"";1;2;""other"";""other"";""reputation"";""mother"";2;1;0;""no"";""no"";""no"";""yes"";""yes"";""yes"";""yes"";""no"";5;4;5;1;4;2;0;""14"";""14"";15"
467,"MS;""F"";16;""R"";""GT3"";""T"";2;2;""other"";""services"";""course"";""father"";3;2;0;""no"";""yes"";""no"";""yes"";""yes"";""yes"";""yes"";""no"";5;3;4;1;1;2;1;""14"";""13"";14"
368,"GP;""M"";18;""U"";""LE3"";""T"";4;4;""other"";""other"";""reputation"";""father"";1;1;0;""no"";""yes"";""no"";""no"";""yes"";""yes"";""yes"";""no"";4;2;5;3;4;5;2;""8"";""9"";11"
59,"GP;""F"";16;""U"";""GT3"";""T"";4;2;""services"";""other"";""course"";""mother"";1;2;0;""no"";""yes"";""yes"";""no"";""yes"";""yes"";""yes"";""no"";4;2;3;1;1;5;2;""16"";""15"";16"
111,"GP;""F"";16;""R"";""GT3"";""T"";3;3;""services"";""other"";""reputation"";""father"";1;3;0;""yes"";""yes"";""no"";""yes"";""yes"";""yes"";""yes"";""no"";4;1;2;1;1;2;4;""11"";""11"";11"
422,"GP;""F"";18;""U"";""GT3"";""T"";3;2;""services"";""other"";""home"";""mother"";1;2;0;""no"";""yes"";""no"";""yes"";""no"";""yes"";""yes"";""yes"";3;1;2;1;2;1;4;""10"";""13"";13"
434,"MS;""F"";16;""U"";""LE3"";""A"";2;2;""at_home"";""other"";""reputation"";""mother"";2;4;0;""no"";""no"";""no"";""yes"";""no"";""no"";""no"";""yes"";1;2;1;1;1;1;4;""10"";""9"";11"
425,"MS;""F"";15;""R"";""GT3"";""T"";1;1;""at_home"";""services"";""other"";""mother"";1;1;1;""no"";""yes"";""no"";""no"";""yes"";""yes"";""no"";""yes"";4;1;3;1;1;2;6;""10"";""10"";10"
262,"GP;""F"";17;""R"";""LE3"";""A"";1;4;""other"";""other"";""course"";""other"";4;1;1;""no"";""yes"";""no"";""no"";""yes"";""yes"";""yes"";""no"";5;5;4;1;1;5;14;""9"";""9"";8"
541,"MS;""F"";17;""R"";""GT3"";""T"";2;2;""other"";""other"";""other"";""mother"";2;2;0;""yes"";""no"";""yes"";""no"";""yes"";""yes"";""no"";""no"";5;1;3;1;1;5;0;""11"";""9"";11"
297,"GP;""M"";17;""R"";""GT3"";""T"";2;2;""other"";""services"";""other"";""mother"";2;1;0;""no"";""no"";""no"";""no"";""no"";""no"";""no"";""no"";5;2;2;1;1;4;0;""9"";""10"";10"
150,"GP;""F"";15;""U"";""GT3"";""A"";3;3;""services"";""services"";""home"";""mother"";1;2;0;""no"";""no"";""no"";""no"";""no"";""yes"";""no"";""yes"";1;3;2;2;3;1;24;""9"";""8"";9"
266,"GP;""F"";17;""U"";""LE3"";""A"";4;2;""teacher"";""other"";""course"";""mother"";1;2;0;""no"";""yes"";""no"";""yes"";""yes"";""yes"";""no"";""no"";4;3;2;1;1;4;4;""15"";""14"";14"
620,"MS;""F"";17;""U"";""LE3"";""T"";4;4;""at_home"";""at_home"";""course"";""mother"";1;2;0;""no"";""yes"";""no"";""yes"";""yes"";""yes"";""yes"";""yes"";2;3;4;1;1;1;4;""15"";""14"";15"
359,"GP;""F"";17;""R"";""GT3"";""T"";3;4;""at_home"";""services"";""course"";""father"";1;3;0;""no"";""yes"";""no"";""yes"";""no"";""yes"";""yes"";""no"";4;3;4;2;5;5;2;""15"";""15"";17"
572,"MS;""F"";16;""U"";""GT3"";""A"";3;2;""services"";""at_home"";""course"";""mother"";2;2;2;""no"";""yes"";""no"";""yes"";""yes"";""yes"";""no"";""yes"";2;5;5;1;1;1;8;""5"";""5"";7"
38,"GP;""F"";15;""R"";""GT3"";""T"";3;4;""services"";""health"";""course"";""mother"";1;3;0;""yes"";""yes"";""no"";""yes"";""yes"";""yes"";""yes"";""no"";4;3;2;1;1;5;2;""11"";""12"";12"
127,"GP;""F"";19;""U"";""GT3"";""T"";0;1;""at_home"";""other"";""course"";""other"";1;2;2;""no"";""yes"";""no"";""no"";""no"";""no"";""no"";""no"";3;4;2;1;1;5;0;""9"";""10"";11"
416,"GP;""M"";17;""U"";""LE3"";""A"";3;2;""other"";""other"";""reputation"";""mother"";1;2;0;""no"";""yes"";""no"";""no"";""yes"";""yes"";""yes"";""no"";4;4;4;1;2;5;10;""16"";""18"";18"
307,"GP;""M"";17;""U"";""GT3"";""T"";3;1;""services"";""other"";""other"";""mother"";1;2;0;""no"";""no"";""no"";""yes"";""yes"";""yes"";""yes"";""yes"";5;4;4;3;4;5;0;""11"";""11"";14"
198,"GP;""F"";16;""U"";""GT3"";""T"";3;2;""other"";""other"";""reputation"";""mother"";1;2;0;""no"";""yes"";""no"";""no"";""yes"";""yes"";""yes"";""no"";1;2;2;1;2;1;8;""14"";""15"";16"
351,"GP;""M"";20;""U"";""GT3"";""A"";3;2;""services"";""other"";""course"";""other"";1;1;2;""no"";""no"";""no"";""yes"";""yes"";""yes"";""no"";""no"";5;5;3;1;1;5;0;""14"";""15"";15"
426,"MS;""F"";15;""R"";""GT3"";""T"";3;3;""at_home"";""other"";""course"";""mother"";2;1;0;""no"";""yes"";""no"";""no"";""yes"";""yes"";""yes"";""no"";5;4;4;2;3;5;4;""10"";""10"";11"
146,"GP;""M"";16;""U"";""LE3"";""T"";1;1;""services"";""other"";""course"";""mother"";1;2;2;""no"";""no"";""no"";""no"";""yes"";""yes"";""no"";""yes"";4;4;4;1;3;5;0;""10"";""10"";10"
604,"MS;""F"";18;""U"";""GT3"";""T"";1;1;""at_home"";""services"";""course"";""mother"";3;2;1;""no"";""no"";""no"";""no"";""yes"";""no"";""no"";""no"";4;4;2;1;2;2;2;""9"";""10"";10"
624,"MS;""F"";17;""R"";""GT3"";""T"";1;1;""other"";""services"";""reputation"";""mother"";3;1;1;""no"";""yes"";""no"";""no"";""yes"";""yes"";""yes"";""yes"";5;2;1;1;2;1;0;""8"";""8"";9"
419,"GP;""M"";19;""U"";""GT3"";""T"";2;1;""other"";""other"";""reputation"";""mother"";1;1;0;""no"";""no"";""no"";""no"";""yes"";""yes"";""yes"";""no"";5;3;4;1;4;4;10;""7"";""11"";11"
574,"MS;""M"";20;""R"";""GT3"";""T"";1;1;""other"";""other"";""course"";""other"";2;1;1;""no"";""yes"";""no"";""no"";""yes"";""no"";""yes"";""yes"";4;4;3;2;4;4;12;""8"";""11"";10"
147,"GP;""F"";15;""U"";""GT3"";""T"";4;4;""teacher"";""teacher"";""course"";""mother"";2;1;0;""no"";""no"";""no"";""yes"";""yes"";""yes"";""yes"";""no"";4;3;2;1;1;5;6;""13"";""14"";14"
503,"MS;""F"";16;""U"";""GT3"";""T"";1;1;""other"";""other"";""course"";""other"";1;4;0;""yes"";""yes"";""no"";""yes"";""yes"";""yes"";""yes"";""no"";2;2;1;1;1;5;0;""14"";""14"";14"
348,"GP;""F"";17;""U"";""GT3"";""T"";4;2;""other"";""other"";""reputation"";""mother"";2;3;0;""no"";""yes"";""no"";""no"";""yes"";""yes"";""yes"";""no"";4;3;3;1;1;3;0;""16"";""16"";16"
325,"GP;""M"";17;""U"";""LE3"";""A"";4;1;""services"";""other"";""home"";""mother"";2;1;0;""no"";""no"";""no"";""yes"";""yes"";""yes"";""yes"";""yes"";4;5;4;2;4;5;22;""11"";""11"";10"
469,"MS;""M"";16;""U"";""GT3"";""T"";4;4;""other"";""teacher"";""course"";""father"";1;2;0;""no"";""yes"";""no"";""yes"";""yes"";""yes"";""no"";""yes"";4;3;1;1;1;3;0;""13"";""12"";13"
123,"GP;""M"";16;""U"";""GT3"";""T"";4;4;""health"";""other"";""course"";""mother"";1;1;0;""no"";""yes"";""no"";""yes"";""yes"";""yes"";""yes"";""no"";3;4;4;1;4;5;4;""12"";""13"";13"
546,"MS;""F"";17;""U"";""GT3"";""T"";4;4;""health"";""health"";""course"";""father"";1;2;0;""no"";""yes"";""no"";""no"";""yes"";""yes"";""yes"";""no"";5;2;5;1;1;5;0;""13"";""15"";16"
96,"GP;""M"";16;""R"";""GT3"";""T"";4;3;""services"";""other"";""reputation"";""mother"";2;1;0;""yes"";""yes"";""yes"";""yes"";""no"";""yes"";""yes"";""no"";3;3;3;1;1;4;6;""9"";""11"";11"
143,"GP;""F"";18;""U"";""GT3"";""A"";3;2;""other"";""services"";""course"";""other"";1;3;0;""no"";""yes"";""no"";""yes"";""no"";""yes"";""yes"";""yes"";4;3;3;5;1;5;10;""12"";""11"";11"
239,"GP;""F"";18;""R"";""GT3"";""T"";3;1;""other"";""other"";""reputation"";""mother"";1;2;0;""no"";""no"";""no"";""yes"";""yes"";""yes"";""yes"";""yes"";5;3;3;1;1;4;4;""8"";""8"";8"
394,"GP;""F"";17;""R"";""GT3"";""A"";3;2;""other"";""other"";""home"";""mother"";1;2;0;""no"";""yes"";""no"";""no"";""yes"";""yes"";""yes"";""no"";4;3;3;2;3;2;0;""14"";""14"";16"
452,"MS;""F"";16;""R"";""GT3"";""T"";2;2;""other"";""other"";""course"";""mother"";3;2;0;""no"";""yes"";""no"";""no"";""yes"";""yes"";""yes"";""no"";4;4;5;1;1;4;4;""9"";""10"";11"
97,"GP;""F"";16;""U"";""GT3"";""T"";2;1;""other"";""other"";""course"";""mother"";1;2;0;""no"";""yes"";""no"";""no"";""yes"";""yes"";""no"";""yes"";4;3;5;1;1;5;0;""13"";""12"";12"
371,"GP;""F"";18;""U"";""GT3"";""T"";2;2;""other"";""other"";""course"";""mother"";1;1;0;""no"";""yes"";""no"";""yes"";""yes"";""yes"";""yes"";""yes"";4;3;5;2;4;5;2;""10"";""10"";10"
324,"GP;""M"";18;""U"";""GT3"";""T"";1;2;""at_home"";""other"";""home"";""other"";2;1;0;""no"";""no"";""no"";""no"";""no"";""no"";""yes"";""no"";3;4;4;2;4;4;10;""10"";""10"";11"
279,"GP;""M"";22;""U"";""GT3"";""T"";3;1;""services"";""services"";""other"";""mother"";1;1;3;""no"";""no"";""no"";""no"";""no"";""no"";""yes"";""yes"";5;4;5;5;5;1;12;""7"";""8"";5"
293,"GP;""F"";18;""U"";""LE3"";""T"";1;1;""other"";""at_home"";""home"";""mother"";1;3;0;""no"";""yes"";""no"";""no"";""no"";""yes"";""no"";""no"";4;4;3;2;3;3;4;""11"";""12"";14"
254,"GP;""F"";18;""U"";""LE3"";""T"";2;2;""at_home"";""services"";""course"";""mother"";1;2;1;""no"";""yes"";""no"";""no"";""no"";""yes"";""yes"";""yes"";5;3;1;1;1;5;16;""9"";""8"";10"
400,"GP;""M"";18;""R"";""GT3"";""T"";4;3;""teacher"";""services"";""course"";""mother"";1;3;0;""no"";""no"";""no"";""no"";""yes"";""yes"";""yes"";""yes"";5;3;2;1;2;4;4;""15"";""14"";17"
122,"GP;""F"";16;""U"";""LE3"";""T"";2;4;""other"";""health"";""course"";""father"";2;2;0;""no"";""yes"";""no"";""yes"";""yes"";""yes"";""yes"";""yes"";4;2;2;1;2;5;2;""14"";""12"";13"
183,"GP;""F"";16;""U"";""GT3"";""T"";4;4;""health"";""health"";""reputation"";""mother"";1;2;0;""no"";""yes"";""no"";""no"";""yes"";""yes"";""yes"";""yes"";4;4;2;1;1;3;0;""16"";""16"";17"
202,"GP;""F"";17;""U"";""GT3"";""A"";3;3;""health"";""other"";""reputation"";""mother"";1;2;0;""no"";""yes"";""no"";""no"";""no"";""yes"";""yes"";""yes"";3;3;3;1;3;3;10;""12"";""13"";14"
438,"MS;""F"";17;""R"";""GT3"";""T"";2;3;""other"";""other"";""course"";""mother"";2;1;0;""no"";""yes"";""no"";""no"";""yes"";""yes"";""yes"";""no"";5;5;5;1;3;3;2;""10"";""11"";12"
323,"GP;""M"";18;""U"";""LE3"";""T"";4;3;""teacher"";""services"";""course"";""mother"";2;1;0;""no"";""no"";""no"";""yes"";""yes"";""yes"";""yes"";""no"";4;2;3;1;2;1;0;""10"";""10"";10"
246,"GP;""M"";17;""U"";""GT3"";""T"";4;4;""teacher"";""teacher"";""reputation"";""mother"";1;2;0;""yes"";""yes"";""no"";""yes"";""yes"";""yes"";""yes"";""yes"";4;5;5;1;3;2;0;""13"";""13"";13"
415,"GP;""F"";19;""U"";""GT3"";""T"";4;4;""teacher"";""other"";""home"";""other"";1;1;1;""no"";""yes"";""no"";""no"";""yes"";""yes"";""yes"";""yes"";3;2;5;4;4;5;5;""9"";""10"";11"
501,"MS;""M"";16;""U"";""LE3"";""T"";4;3;""other"";""other"";""course"";""father"";1;1;0;""no"";""no"";""no"";""yes"";""yes"";""yes"";""yes"";""no"";4;2;5;1;5;5;8;""14"";""12"";13"
487,"MS;""F"";18;""R"";""LE3"";""A"";3;2;""other"";""other"";""course"";""other"";2;3;2;""no"";""yes"";""no"";""no"";""no"";""no"";""no"";""yes"";3;3;2;1;1;2;6;""7"";""9"";10"
538,"MS;""F"";16;""R"";""LE3"";""T"";2;2;""other"";""other"";""course"";""mother"";1;3;0;""no"";""yes"";""no"";""no"";""no"";""yes"";""no"";""yes"";4;3;3;2;2;5;2;""11"";""11"";11"
567,"MS;""M"";18;""R"";""GT3"";""T"";3;2;""services"";""other"";""course"";""mother"";1;1;1;""no"";""no"";""no"";""no"";""yes"";""no"";""yes"";""no"";2;3;1;2;2;5;0;""4"";""0"";0"
571,"MS;""M"";19;""U"";""GT3"";""T"";2;1;""at_home"";""other"";""course"";""other"";2;1;3;""no"";""no"";""no"";""yes"";""no"";""no"";""yes"";""yes"";4;4;3;1;3;5;4;""8"";""9"";9"
640,"MS;""M"";18;""R"";""GT3"";""T"";4;2;""other"";""other"";""home"";""father"";2;1;1;""no"";""no"";""yes"";""no"";""yes"";""yes"";""no"";""no"";5;4;3;4;3;3;0;""7"";""7"";0"
125,"GP;""M"";15;""U"";""GT3"";""T"";3;4;""services"";""services"";""home"";""father"";1;1;0;""yes"";""no"";""no"";""no"";""yes"";""yes"";""yes"";""no"";5;5;5;3;2;5;2;""9"";""9"";9"
402,"GP;""F"";17;""U"";""GT3"";""T"";4;3;""health"";""other"";""reputation"";""mother"";1;3;0;""no"";""yes"";""no"";""yes"";""yes"";""yes"";""yes"";""yes"";4;4;3;1;3;4;0;""11"";""12"";13"
511,"MS;""F"";17;""U"";""GT3"";""A"";1;0;""other"";""other"";""other"";""mother"";2;2;0;""no"";""no"";""no"";""no"";""yes"";""yes"";""yes"";""yes"";4;4;5;1;1;4;1;""11"";""9"";10"
495,"MS;""F"";16;""U"";""GT3"";""T"";3;3;""other"";""other"";""reputation"";""mother"";1;1;0;""no"";""no"";""no"";""yes"";""yes"";""no"";""yes"";""yes"";4;5;4;1;1;4;0;""14"";""13"";13"
223,"GP;""F"";17;""R"";""GT3"";""T"";4;3;""teacher"";""other"";""reputation"";""mother"";2;3;0;""no"";""yes"";""no"";""yes"";""yes"";""yes"";""yes"";""yes"";4;4;2;1;1;4;0;""11"";""12"";12"
342,"GP;""F"";18;""U"";""LE3"";""T"";4;3;""other"";""other"";""home"";""other"";2;2;0;""no"";""yes"";""no"";""no"";""yes"";""yes"";""yes"";""yes"";4;4;5;1;2;2;0;""13"";""14"";14"
53,"GP;""F"";15;""U"";""GT3"";""T"";4;4;""services"";""services"";""course"";""mother"";1;1;0;""yes"";""yes"";""no"";""no"";""yes"";""yes"";""yes"";""no"";3;3;4;2;3;5;0;""13"";""12"";12"
219,"GP;""F"";17;""U"";""GT3"";""T"";3;4;""at_home"";""services"";""home"";""mother"";1;3;1;""no"";""yes"";""yes"";""no"";""yes"";""yes"";""yes"";""yes"";4;4;3;3;4;5;14;""8"";""9"";8"
129,"GP;""M"";16;""U"";""GT3"";""T"";2;3;""other"";""other"";""course"";""mother"";2;3;0;""no"";""yes"";""no"";""no"";""no"";""yes"";""yes"";""yes"";3;2;3;2;2;1;4;""13"";""12"";13"
587,"MS;""F"";18;""R"";""LE3"";""T"";2;2;""services"";""services"";""course"";""mother"";1;2;1;""no"";""yes"";""no"";""yes"";""yes"";""yes"";""yes"";""no"";2;3;3;1;2;4;3;""7"";""6"";8"
515,"MS;""F"";18;""U"";""LE3"";""T"";1;1;""other"";""at_home"";""reputation"";""mother"";2;2;0;""yes"";""no"";""no"";""no"";""yes"";""yes"";""no"";""no"";2;3;5;1;4;3;8;""9"";""8"";10"
186,"GP;""M"";17;""U"";""LE3"";""T"";4;4;""teacher"";""other"";""reputation"";""mother"";1;2;0;""no"";""yes"";""no"";""yes"";""yes"";""yes"";""yes"";""no"";4;4;4;1;3;5;0;""11"";""9"";10"
590,"MS;""F"";18;""U"";""GT3"";""T"";1;1;""other"";""other"";""course"";""mother"";3;2;2;""no"";""no"";""no"";""yes"";""yes"";""yes"";""no"";""yes"";3;4;4;2;2;5;3;""7"";""8"";7"
439,"MS;""F"";15;""R"";""GT3"";""T"";3;3;""other"";""services"";""course"";""father"";2;1;0;""no"";""no"";""no"";""no"";""no"";""yes"";""yes"";""no"";4;1;3;1;1;4;0;""14"";""16"";16"
619,"MS;""F"";18;""U"";""GT3"";""T"";3;3;""services"";""services"";""other"";""mother"";2;2;0;""no"";""yes"";""no"";""no"";""yes"";""yes"";""yes"";""yes"";4;3;2;1;3;3;6;""13"";""12"";13"
100,"GP;""M"";16;""U"";""GT3"";""T"";4;4;""services"";""services"";""other"";""mother"";1;1;0;""yes"";""yes"";""no"";""yes"";""yes"";""yes"";""yes"";""no"";4;5;5;5;5;4;12;""9"";""9"";8"
482,"MS;""F"";15;""R"";""LE3"";""T"";1;1;""at_home"";""other"";""course"";""mother"";2;1;0;""no"";""yes"";""no"";""no"";""yes"";""no"";""no"";""yes"";5;2;1;1;3;4;0;""9"";""10"";9"
386,"GP;""F"";17;""R"";""GT3"";""T"";2;4;""at_home"";""other"";""course"";""father"";1;3;0;""no"";""yes"";""no"";""no"";""yes"";""yes"";""yes"";""yes"";4;4;3;1;1;5;0;""15"";""15"";15"
628,"MS;""F"";17;""U"";""GT3"";""T"";2;2;""other"";""at_home"";""home"";""mother"";1;3;0;""no"";""no"";""no"";""yes"";""yes"";""yes"";""no"";""yes"";3;4;3;1;1;3;8;""10"";""11"";12"
294,"GP;""F"";18;""R"";""GT3"";""T"";2;2;""other"";""other"";""home"";""mother"";1;2;0;""yes"";""no"";""no"";""no"";""yes"";""yes"";""no"";""no"";3;2;3;1;1;5;4;""11"";""11"";13"
267,"GP;""M"";17;""U"";""LE3"";""T"";4;3;""health"";""other"";""course"";""mother"";2;2;0;""no"";""no"";""no"";""yes"";""yes"";""yes"";""yes"";""yes"";2;5;5;1;4;5;8;""15"";""15"";15"
51,"GP;""F"";15;""U"";""LE3"";""T"";4;2;""health"";""other"";""other"";""mother"";1;2;0;""no"";""yes"";""no"";""no"";""yes"";""yes"";""yes"";""no"";4;3;3;1;1;5;0;""16"";""14"";16"
441,"MS;""M"";17;""U"";""GT3"";""T"";1;1;""other"";""other"";""home"";""mother"";1;2;0;""no"";""no"";""yes"";""no"";""no"";""yes"";""yes"";""no"";4;4;3;2;4;5;4;""8"";""9"";9"
497,"MS;""M"";17;""U"";""GT3"";""T"";3;3;""services"";""at_home"";""course"";""mother"";2;4;1;""no"";""yes"";""yes"";""yes"";""yes"";""yes"";""no"";""no"";5;4;5;3;4;5;0;""10"";""11"";10"
112,"GP;""F"";16;""U"";""GT3"";""T"";2;2;""at_home"";""other"";""home"";""mother"";1;2;1;""yes"";""no"";""no"";""yes"";""yes"";""yes"";""yes"";""no"";3;1;2;1;1;5;12;""8"";""10"";10"
179,"GP;""M"";17;""U"";""GT3"";""T"";3;2;""services"";""services"";""course"";""mother"";2;1;3;""no"";""yes"";""no"";""yes"";""no"";""no"";""no"";""no"";4;5;2;1;1;2;10;""8"";""7"";8"
611,"MS;""F"";18;""R"";""GT3"";""T"";2;2;""services"";""other"";""home"";""mother"";2;3;0;""no"";""no"";""no"";""no"";""yes"";""yes"";""yes"";""yes"";4;2;1;1;1;4;5;""14"";""14"";15"
559,"MS;""M"";18;""R"";""GT3"";""T"";1;0;""at_home"";""at_home"";""course"";""other"";3;1;1;""yes"";""yes"";""no"";""no"";""yes"";""yes"";""no"";""no"";4;3;2;1;1;4;0;""12"";""12"";13"
530,"MS;""M"";17;""U"";""GT3"";""T"";3;3;""services"";""services"";""home"";""mother"";1;1;0;""no"";""yes"";""no"";""yes"";""yes"";""yes"";""yes"";""no"";4;1;4;5;5;3;8;""7"";""10"";9"
523,"MS;""M"";18;""U"";""LE3"";""T"";4;4;""at_home"";""health"";""home"";""mother"";1;4;0;""no"";""yes"";""no"";""yes"";""yes"";""no"";""yes"";""yes"";5;5;5;5;5;5;2;""5"";""6"";6"
373,"GP;""F"";17;""R"";""LE3"";""T"";2;2;""services"";""services"";""course"";""mother"";1;3;0;""no"";""yes"";""no"";""yes"";""yes"";""yes"";""yes"";""no"";3;3;2;2;2;3;0;""11"";""11"";10"
314,"GP;""M"";17;""R"";""GT3"";""T"";1;2;""at_home"";""at_home"";""home"";""mother"";1;2;0;""no"";""yes"";""no"";""yes"";""no"";""yes"";""no"";""yes"";3;5;2;2;2;1;2;""16"";""17"";18"
462,"MS;""F"";15;""R"";""GT3"";""T"";1;1;""at_home"";""at_home"";""course"";""father"";3;2;0;""no"";""yes"";""no"";""no"";""yes"";""yes"";""no"";""no"";4;2;1;1;2;2;0;""13"";""14"";14"
151,"GP;""M"";16;""U"";""GT3"";""T"";4;4;""services"";""services"";""course"";""mother"";1;3;0;""no"";""yes"";""no"";""yes"";""yes"";""yes"";""yes"";""no"";5;3;3;1;3;5;0;""15"";""13"";13"
171,"GP;""M"";16;""R"";""GT3"";""T"";2;2;""at_home"";""other"";""course"";""mother"";3;1;0;""no"";""no"";""no"";""no"";""no"";""yes"";""no"";""no"";4;2;2;1;2;3;4;""12"";""10"";11"
233,"GP;""F"";17;""U"";""GT3"";""T"";2;2;""at_home"";""at_home"";""course"";""mother"";1;3;0;""no"";""yes"";""no"";""yes"";""yes"";""yes"";""yes"";""no"";4;3;3;1;1;4;0;""12"";""12"";13"
306,"GP;""M"";18;""R"";""LE3"";""A"";3;4;""other"";""other"";""reputation"";""mother"";2;2;0;""no"";""yes"";""no"";""yes"";""yes"";""yes"";""yes"";""no"";4;2;5;3;4;1;6;""15"";""16"";16"
512,"MS;""F"";18;""R"";""GT3"";""T"";1;1;""at_home"";""other"";""other"";""mother"";1;2;1;""no"";""yes"";""no"";""no"";""yes"";""yes"";""yes"";""yes"";4;3;2;1;1;5;9;""7"";""7"";7"
164,"GP;""M"";16;""U"";""LE3"";""T"";2;1;""at_home"";""other"";""course"";""mother"";1;1;1;""no"";""no"";""no"";""yes"";""yes"";""yes"";""no"";""yes"";4;4;4;3;5;5;6;""9"";""10"";10"
317,"GP;""F"";17;""U"";""LE3"";""T"";2;2;""services"";""other"";""course"";""mother"";2;2;0;""yes"";""yes"";""no"";""no"";""yes"";""yes"";""yes"";""yes"";4;4;4;2;3;5;6;""12"";""12"";12"
136,"GP;""M"";16;""U"";""GT3"";""T"";2;1;""at_home"";""other"";""course"";""mother"";4;1;0;""no"";""no"";""no"";""no"";""yes"";""yes"";""no"";""no"";3;2;1;1;1;2;4;""9"";""9"";11"
410,"GP;""F"";17;""U"";""GT3"";""T"";2;2;""services"";""services"";""reputation"";""mother"";1;2;0;""no"";""yes"";""no"";""yes"";""yes"";""yes"";""yes"";""no"";4;3;4;1;3;4;0;""13"";""17"";17"
576,"MS;""M"";18;""R"";""GT3"";""T"";3;2;""other"";""other"";""course"";""mother"";2;1;0;""no"";""yes"";""no"";""no"";""no"";""yes"";""yes"";""no"";2;5;5;5;5;5;8;""9"";""10"";11"
197,"GP;""F"";17;""U"";""LE3"";""T"";3;3;""other"";""other"";""reputation"";""mother"";1;2;0;""no"";""yes"";""no"";""yes"";""yes"";""yes"";""yes"";""yes"";5;3;3;2;3;1;32;""14"";""13"";14"
358,"GP;""F"";18;""U"";""LE3"";""T"";4;3;""health"";""services"";""course"";""mother"";2;1;0;""no"";""yes"";""no"";""no"";""yes"";""yes"";""yes"";""no"";3;2;4;1;4;1;8;""12"";""12"";15"
258,"GP;""F"";17;""U"";""GT3"";""T"";3;2;""other"";""other"";""course"";""father"";1;2;0;""no"";""no"";""no"";""yes"";""yes"";""yes"";""no"";""no"";5;4;2;1;1;3;4;""14"";""14"";15"
232,"GP;""F"";17;""U"";""GT3"";""T"";2;3;""at_home"";""other"";""home"";""father"";2;1;0;""no"";""yes"";""no"";""no"";""yes"";""yes"";""no"";""no"";3;3;3;1;4;3;4;""12"";""13"";13"
532,"MS;""M"";16;""U"";""GT3"";""T"";2;1;""health"";""services"";""other"";""mother"";2;2;0;""no"";""no"";""no"";""no"";""no"";""yes"";""yes"";""yes"";4;2;2;1;4;5;2;""9"";""7"";8"
115,"GP;""M"";16;""U"";""GT3"";""T"";4;4;""teacher"";""teacher"";""course"";""father"";1;2;0;""no"";""yes"";""no"";""yes"";""yes"";""yes"";""yes"";""no"";5;4;4;1;2;5;6;""16"";""14"";14"
120,"GP;""F"";15;""U"";""GT3"";""T"";1;2;""at_home"";""services"";""course"";""mother"";1;2;0;""no"";""no"";""no"";""no"";""no"";""yes"";""yes"";""no"";3;2;3;1;2;1;0;""14"";""14"";14"
445,"MS;""M"";15;""R"";""GT3"";""T"";1;1;""other"";""other"";""course"";""mother"";4;2;0;""no"";""yes"";""no"";""yes"";""yes"";""yes"";""no"";""yes"";5;4;5;2;4;4;8;""7"";""9"";9"
282,"GP;""M"";18;""U"";""GT3"";""T"";3;2;""services"";""other"";""course"";""mother"";2;1;0;""no"";""no"";""no"";""no"";""yes"";""no"";""yes"";""no"";4;4;5;2;4;5;8;""7"";""8"";7"
376,"GP;""F"";18;""U"";""GT3"";""T"";1;1;""other"";""other"";""home"";""mother"";2;3;0;""no"";""no"";""no"";""yes"";""yes"";""yes"";""yes"";""no"";4;5;5;1;2;2;0;""14"";""14"";14"
384,"GP;""M"";19;""R"";""GT3"";""T"";3;2;""at_home"";""services"";""home"";""other"";1;1;0;""no"";""yes"";""no"";""no"";""no"";""yes"";""no"";""yes"";5;3;4;2;2;5;0;""11"";""10"";10"
224,"GP;""F"";19;""U"";""GT3"";""T"";3;3;""other"";""other"";""reputation"";""other"";1;4;0;""no"";""yes"";""no"";""yes"";""yes"";""yes"";""yes"";""no"";4;3;3;1;2;3;4;""12"";""12"";12"
615,"MS;""F"";17;""U"";""LE3"";""A"";3;2;""services"";""other"";""reputation"";""mother"";2;2;0;""no"";""no"";""no"";""no"";""yes"";""yes"";""no"";""yes"";1;2;3;1;2;5;0;""15"";""14"";15"
527,"MS;""M"";16;""U"";""LE3"";""T"";2;2;""services"";""services"";""other"";""mother"";4;3;0;""no"";""no"";""no"";""no"";""yes"";""yes"";""no"";""no"";5;1;3;2;2;3;0;""10"";""9"";10"
472,"MS;""F"";16;""R"";""LE3"";""T"";2;2;""other"";""other"";""home"";""father"";3;1;0;""no"";""yes"";""no"";""yes"";""yes"";""yes"";""no"";""yes"";4;3;2;1;1;4;0;""14"";""14"";16"
347,"GP;""F"";17;""R"";""GT3"";""T"";4;4;""services"";""services"";""reputation"";""mother"";2;3;0;""no"";""yes"";""no"";""yes"";""yes"";""yes"";""yes"";""no"";5;3;4;1;1;5;0;""7"";""7"";8"
505,"MS;""F"";17;""R"";""GT3"";""T"";1;1;""at_home"";""other"";""reputation"";""mother"";2;1;0;""no"";""yes"";""no"";""yes"";""no"";""yes"";""yes"";""yes"";4;4;5;1;2;5;0;""11"";""11"";11"
638,"MS;""M"";17;""U"";""GT3"";""T"";2;3;""other"";""services"";""home"";""father"";2;2;0;""no"";""no"";""no"";""yes"";""yes"";""yes"";""yes"";""no"";4;4;3;1;1;3;4;""14"";""15"";16"
598,"MS;""M"";18;""U"";""LE3"";""T"";1;2;""at_home"";""services"";""home"";""mother"";2;1;0;""no"";""yes"";""no"";""no"";""no"";""yes"";""no"";""no"";4;1;4;5;5;1;8;""10"";""11"";11"
548,"MS;""F"";17;""U"";""GT3"";""A"";1;1;""at_home"";""at_home"";""other"";""mother"";1;2;0;""no"";""no"";""no"";""yes"";""yes"";""yes"";""yes"";""yes"";4;5;5;1;2;3;2;""11"";""10"";11"
85,"GP;""F"";15;""U"";""GT3"";""T"";4;4;""services"";""services"";""reputation"";""father"";2;2;0;""no"";""no"";""no"";""no"";""yes"";""yes"";""yes"";""yes"";4;4;4;2;3;5;4;""12"";""11"";12"
242,"GP;""M"";18;""U"";""LE3"";""T"";2;1;""at_home"";""other"";""course"";""mother"";4;2;0;""yes"";""yes"";""no"";""yes"";""yes"";""yes"";""yes"";""yes"";4;3;2;4;5;3;2;""9"";""10"";11"
159,"GP;""F"";15;""U"";""GT3"";""T"";1;2;""at_home"";""other"";""course"";""mother"";1;2;0;""no"";""yes"";""no"";""no"";""no"";""yes"";""yes"";""no"";4;3;2;1;1;5;6;""13"";""12"";13"
524,"MS;""F"";16;""R"";""LE3"";""T"";3;4;""at_home"";""other"";""other"";""mother"";3;2;0;""no"";""yes"";""no"";""no"";""no"";""yes"";""no"";""no"";4;2;1;1;1;2;2;""7"";""9"";8"
35,"GP;""F"";15;""U"";""GT3"";""T"";2;3;""other"";""other"";""other"";""father"";2;1;0;""no"";""yes"";""no"";""yes"";""yes"";""yes"";""no"";""no"";3;5;1;1;1;5;4;""11"";""11"";11"
170,"GP;""F"";18;""R"";""GT3"";""T"";1;1;""at_home"";""other"";""course"";""mother"";3;1;3;""no"";""yes"";""no"";""yes"";""no"";""yes"";""no"";""no"";5;2;5;1;5;4;6;""11"";""10"";11"
550,"MS;""M"";16;""U"";""LE3"";""A"";2;2;""other"";""services"";""course"";""father"";2;2;0;""no"";""yes"";""no"";""no"";""no"";""yes"";""yes"";""yes"";4;1;2;2;2;5;0;""12"";""13"";13"
542,"MS;""F"";16;""U"";""GT3"";""T"";4;4;""teacher"";""services"";""course"";""mother"";2;3;0;""no"";""yes"";""no"";""no"";""yes"";""yes"";""yes"";""yes"";5;3;5;1;4;5;1;""10"";""11"";12"
609,"MS;""F"";18;""U"";""GT3"";""T"";1;2;""at_home"";""at_home"";""course"";""father"";2;2;0;""no"";""yes"";""no"";""no"";""yes"";""no"";""no"";""no"";4;1;1;1;1;4;0;""11"";""11"";12"
95,"GP;""F"";15;""R"";""GT3"";""T"";1;1;""at_home"";""other"";""home"";""mother"";2;4;0;""yes"";""yes"";""yes"";""yes"";""yes"";""yes"";""yes"";""no"";3;1;2;1;1;1;4;""13"";""13"";13"
240,"GP;""F"";17;""U"";""GT3"";""T"";3;2;""other"";""other"";""course"";""mother"";1;2;0;""no"";""no"";""no"";""yes"";""no"";""yes"";""yes"";""no"";5;3;4;1;3;3;2;""17"";""18"";17"
460,"MS;""F"";15;""R"";""GT3"";""T"";1;1;""at_home"";""other"";""home"";""father"";2;2;0;""no"";""yes"";""no"";""yes"";""yes"";""yes"";""yes"";""no"";4;3;3;1;1;2;1;""11"";""10"";11"
599,"MS;""M"";18;""R"";""GT3"";""T"";4;4;""at_home"";""services"";""other"";""mother"";3;1;0;""no"";""yes"";""yes"";""yes"";""yes"";""yes"";""yes"";""yes"";2;5;5;1;1;1;5;""12"";""13"";14"
206,"GP;""M"";17;""U"";""GT3"";""T"";1;2;""at_home"";""services"";""other"";""other"";2;2;0;""no"";""no"";""no"";""yes"";""no"";""yes"";""yes"";""no"";4;4;4;4;5;5;16;""10"";""11"";12"
392,"GP;""F"";17;""U"";""GT3"";""T"";3;2;""other"";""other"";""home"";""mother"";1;2;0;""no"";""yes"";""no"";""no"";""yes"";""yes"";""yes"";""yes"";4;3;2;2;3;2;0;""12"";""13"";15"
397,"GP;""F"";17;""U"";""GT3"";""A"";2;2;""at_home"";""at_home"";""home"";""father"";1;2;0;""no"";""yes"";""no"";""no"";""yes"";""yes"";""yes"";""yes"";3;3;1;1;2;4;18;""10"";""12"";14"
543,"MS;""M"";17;""R"";""GT3"";""T"";4;4;""health"";""other"";""course"";""father"";3;1;3;""no"";""no"";""no"";""yes"";""yes"";""yes"";""yes"";""yes"";3;3;3;1;3;5;2;""9"";""9"";8"
217,"GP;""F"";17;""R"";""GT3"";""T"";2;2;""other"";""other"";""reputation"";""mother"";1;1;0;""no"";""yes"";""no"";""no"";""yes"";""yes"";""yes"";""no"";5;3;2;1;2;3;21;""13"";""13"";13"
4,"GP;""F"";16;""U"";""GT3"";""T"";3;3;""other"";""other"";""home"";""father"";1;2;0;""no"";""yes"";""no"";""no"";""yes"";""yes"";""no"";""no"";4;3;2;1;2;5;0;""11"";""13"";13"
575,"MS;""F"";18;""R"";""GT3"";""A"";4;3;""services"";""services"";""course"";""mother"";1;1;0;""no"";""yes"";""no"";""no"";""yes"";""yes"";""yes"";""no"";5;4;4;3;4;2;8;""10"";""11"";10"
98,"GP;""F"";16;""U"";""GT3"";""T"";4;4;""other"";""other"";""reputation"";""mother"";1;1;0;""no"";""no"";""no"";""yes"";""no"";""yes"";""yes"";""no"";5;3;4;1;2;1;4;""12"";""13"";13"
406,"GP;""F"";17;""U"";""GT3"";""T"";3;1;""other"";""at_home"";""home"";""mother"";1;1;1;""no"";""yes"";""yes"";""no"";""yes"";""yes"";""yes"";""yes"";4;1;2;1;1;3;6;""10"";""13"";13"
502,"MS;""M"";17;""R"";""LE3"";""T"";2;2;""services"";""services"";""other"";""mother"";3;4;1;""no"";""yes"";""no"";""no"";""yes"";""yes"";""no"";""no"";1;3;5;3;5;3;2;""10"";""8"";9"
47,"GP;""M"";16;""U"";""GT3"";""T"";4;3;""health"";""services"";""reputation"";""mother"";1;4;0;""no"";""no"";""no"";""yes"";""yes"";""yes"";""yes"";""no"";4;2;2;1;1;2;2;""17"";""17"";17"
32,"GP;""M"";15;""R"";""GT3"";""T"";4;3;""teacher"";""at_home"";""course"";""mother"";1;2;0;""no"";""yes"";""no"";""yes"";""yes"";""yes"";""yes"";""yes"";4;5;2;1;1;5;0;""13"";""14"";15"
200,"GP;""M"";16;""U"";""GT3"";""T"";1;2;""services"";""services"";""other"";""mother"";1;1;0;""no"";""yes"";""no"";""yes"";""yes"";""yes"";""yes"";""yes"";3;3;3;1;2;3;0;""10"";""9"";11"
134,"GP;""F"";17;""U"";""LE3"";""T"";2;2;""other"";""other"";""course"";""father"";1;1;0;""no"";""yes"";""no"";""no"";""yes"";""yes"";""yes"";""yes"";3;4;4;1;3;5;2;""13"";""12"";12"
27,"GP;""M"";15;""U"";""GT3"";""T"";4;2;""health"";""services"";""other"";""mother"";1;1;0;""no"";""no"";""no"";""no"";""yes"";""yes"";""yes"";""no"";2;2;4;2;4;1;0;""11"";""11"";11"
613,"MS;""F"";18;""U"";""GT3"";""T"";3;3;""services"";""services"";""course"";""father"";1;2;0;""no"";""yes"";""no"";""no"";""yes"";""yes"";""no"";""yes"";5;3;4;1;1;5;0;""10"";""10"";10"
230,"GP;""F"";17;""U"";""GT3"";""T"";4;3;""other"";""other"";""reputation"";""mother"";1;2;0;""no"";""no"";""no"";""no"";""yes"";""yes"";""yes"";""yes"";3;4;5;2;4;1;16;""11"";""9"";10"
489,"MS;""M"";18;""R"";""GT3"";""T"";1;1;""other"";""other"";""home"";""mother"";2;1;1;""no"";""no"";""no"";""yes"";""yes"";""no"";""yes"";""no"";4;4;3;3;4;4;0;""8"";""9"";10"
378,"GP;""M"";17;""U"";""GT3"";""T"";3;3;""other"";""services"";""reputation"";""mother"";1;1;0;""no"";""no"";""no"";""yes"";""no"";""yes"";""yes"";""no"";4;3;5;3;5;5;0;""17"";""18"";17"
288,"GP;""F"";18;""U"";""LE3"";""A"";2;1;""other"";""other"";""course"";""mother"";1;2;0;""no"";""yes"";""no"";""no"";""no"";""yes"";""yes"";""yes"";4;3;4;1;3;5;2;""12"";""12"";13"
418,"GP;""M"";18;""R"";""GT3"";""T"";2;3;""other"";""services"";""reputation"";""father"";1;1;0;""no"";""no"";""no"";""no"";""yes"";""yes"";""yes"";""no"";3;1;3;4;5;4;13;""13"";""14"";14"
391,"GP;""F"";17;""U"";""GT3"";""T"";3;4;""services"";""other"";""course"";""mother"";1;3;0;""no"";""no"";""no"";""no"";""yes"";""yes"";""yes"";""no"";4;4;5;1;3;5;8;""11"";""13"";14"
498,"MS;""F"";16;""U"";""GT3"";""T"";2;1;""other"";""services"";""course"";""mother"";1;2;0;""no"";""yes"";""no"";""yes"";""yes"";""yes"";""yes"";""no"";5;3;3;1;1;1;0;""14"";""13"";14"
138,"GP;""M"";15;""R"";""GT3"";""T"";3;4;""at_home"";""teacher"";""course"";""mother"";4;2;0;""no"";""yes"";""no"";""no"";""yes"";""yes"";""no"";""yes"";5;3;3;1;1;5;2;""12"";""11"";11"
62,"GP;""F"";16;""U"";""LE3"";""T"";1;2;""other"";""services"";""reputation"";""father"";1;2;0;""yes"";""no"";""no"";""yes"";""yes"";""yes"";""yes"";""no"";4;4;3;1;1;1;0;""13"";""13"";10"
471,"MS;""F"";16;""R"";""GT3"";""T"";2;2;""at_home"";""other"";""course"";""mother"";2;2;1;""no"";""yes"";""no"";""yes"";""no"";""yes"";""no"";""no"";4;4;4;2;3;5;2;""12"";""11"";12"
128,"GP;""M"";16;""R"";""GT3"";""T"";4;4;""teacher"";""teacher"";""course"";""mother"";1;1;0;""no"";""no"";""no"";""yes"";""yes"";""yes"";""yes"";""no"";3;5;5;2;5;4;8;""14"";""14"";15"
631,"MS;""F"";18;""R"";""GT3"";""T"";1;1;""other"";""other"";""home"";""mother"";4;3;0;""no"";""no"";""no"";""no"";""yes"";""yes"";""yes"";""no"";4;3;2;1;2;4;4;""10"";""11"";12"
520,"MS;""F"";16;""U"";""LE3"";""T"";1;1;""at_home"";""other"";""other"";""mother"";3;2;0;""no"";""yes"";""no"";""no"";""yes"";""yes"";""yes"";""no"";4;3;2;1;3;5;6;""6"";""8"";8"
64,"GP;""F"";15;""U"";""LE3"";""T"";4;3;""services"";""services"";""reputation"";""father"";1;2;0;""yes"";""no"";""no"";""yes"";""yes"";""yes"";""yes"";""yes"";4;4;4;2;4;2;0;""13"";""12"";12"
14,"GP;""M"";15;""U"";""GT3"";""A"";2;2;""other"";""other"";""home"";""other"";1;3;0;""no"";""yes"";""no"";""no"";""yes"";""yes"";""yes"";""yes"";4;5;2;1;1;3;0;""14"";""14"";15"
156,"GP;""F"";15;""U"";""GT3"";""T"";1;1;""other"";""services"";""course"";""father"";1;2;0;""no"";""yes"";""no"";""no"";""yes"";""yes"";""yes"";""no"";4;4;2;1;2;5;0;""12"";""12"";12"
40,"GP;""F"";16;""U"";""LE3"";""T"";2;2;""other"";""other"";""home"";""mother"";2;2;0;""no"";""yes"";""no"";""yes"";""no"";""yes"";""yes"";""yes"";3;3;3;1;2;3;16;""11"";""11"";10"
492,"MS;""F"";16;""R"";""GT3"";""A"";2;2;""health"";""other"";""course"";""mother"";1;2;0;""no"";""no"";""no"";""no"";""no"";""yes"";""no"";""yes"";3;3;2;1;1;3;2;""8"";""10"";10"
379,"GP;""M"";17;""R"";""GT3"";""T"";2;2;""services"";""other"";""course"";""mother"";4;1;0;""no"";""yes"";""no"";""no"";""yes"";""yes"";""yes"";""no"";4;4;5;5;5;4;2;""11"";""10"";10"
187,"GP;""F"";16;""U"";""GT3"";""T"";1;3;""at_home"";""services"";""home"";""mother"";1;2;0;""no"";""no"";""no"";""yes"";""no"";""yes"";""yes"";""yes"";4;3;5;1;1;3;0;""14"";""13"";13"
216,"GP;""F"";17;""U"";""GT3"";""T"";1;1;""other"";""other"";""course"";""mother"";1;2;0;""no"";""yes"";""no"";""no"";""no"";""yes"";""no"";""no"";4;4;4;1;3;1;0;""14"";""15"";15"
52,"GP;""M"";15;""U"";""LE3"";""A"";4;2;""health"";""health"";""other"";""father"";2;1;0;""no"";""no"";""no"";""no"";""yes"";""yes"";""no"";""no"";5;5;5;3;4;5;4;""10"";""9"";9"
337,"GP;""F"";17;""U"";""GT3"";""T"";4;3;""health"";""services"";""reputation"";""mother"";1;3;0;""no"";""yes"";""no"";""no"";""yes"";""yes"";""yes"";""no"";4;2;2;1;2;3;0;""17"";""18"";18"
295,"GP;""M"";19;""U"";""LE3"";""A"";4;3;""services"";""at_home"";""reputation"";""mother"";1;2;0;""no"";""yes"";""no"";""no"";""yes"";""yes"";""yes"";""no"";4;3;1;1;1;1;4;""11"";""13"";14"
251,"GP;""F"";16;""U"";""GT3"";""T"";2;1;""other"";""other"";""home"";""mother"";1;1;0;""no"";""no"";""no"";""no"";""yes"";""yes"";""yes"";""yes"";4;5;2;1;1;5;4;""9"";""10"";10"
461,"MS;""F"";16;""R"";""GT3"";""T"";1;1;""at_home"";""other"";""other"";""mother"";2;1;0;""no"";""no"";""no"";""yes"";""yes"";""yes"";""yes"";""yes"";4;2;2;4;3;2;0;""13"";""12"";14"
455,"MS;""F"";15;""U"";""GT3"";""T"";2;1;""at_home"";""other"";""home"";""mother"";1;2;0;""yes"";""yes"";""no"";""no"";""no"";""yes"";""yes"";""no"";4;4;2;3;3;2;0;""9"";""10"";9"
646,"MS;""F"";18;""U"";""GT3"";""T"";1;1;""other"";""other"";""course"";""mother"";2;2;0;""no"";""no"";""no"";""yes"";""yes"";""yes"";""no"";""no"";1;1;1;1;1;5;6;""11"";""12"";9"
269,"GP;""M"";16;""U"";""LE3"";""T"";4;3;""teacher"";""other"";""course"";""mother"";1;1;0;""no"";""no"";""no"";""yes"";""no"";""yes"";""yes"";""no"";5;4;5;1;1;3;7;""14"";""14"";15"
201,"GP;""M"";16;""U"";""LE3"";""T"";2;1;""other"";""other"";""course"";""mother"";1;2;0;""no"";""no"";""no"";""yes"";""yes"";""yes"";""yes"";""yes"";4;2;3;1;2;5;0;""13"";""14"";16"
161,"GP;""M"";16;""U"";""GT3"";""T"";4;4;""teacher"";""teacher"";""course"";""mother"";1;1;0;""no"";""yes"";""no"";""no"";""yes"";""no"";""yes"";""yes"";3;3;2;2;1;5;16;""9"";""9"";8"
555,"MS;""F"";16;""R"";""GT3"";""T"";1;2;""other"";""other"";""home"";""father"";1;3;0;""yes"";""yes"";""no"";""no"";""no"";""yes"";""yes"";""yes"";4;3;4;1;1;3;5;""13"";""14"";13"
401,"GP;""M"";18;""U"";""GT3"";""T"";4;3;""teacher"";""other"";""course"";""mother"";1;3;0;""no"";""yes"";""no"";""no"";""yes"";""yes"";""yes"";""yes"";5;4;5;2;3;5;0;""14"";""13"";14"
476,"MS;""F"";16;""R"";""LE3"";""T"";2;1;""other"";""other"";""home"";""mother"";1;1;0;""no"";""yes"";""no"";""no"";""yes"";""yes"";""yes"";""yes"";5;4;3;1;1;5;2;""10"";""8"";8"
105,"GP;""F"";15;""U"";""GT3"";""A"";3;3;""other"";""health"";""reputation"";""father"";1;4;0;""yes"";""no"";""no"";""no"";""yes"";""yes"";""no"";""no"";4;3;3;1;1;4;10;""10"";""10"";10"
565,"MS;""M"";16;""R"";""LE3"";""T"";1;1;""at_home"";""other"";""course"";""mother"";2;1;0;""no"";""no"";""no"";""yes"";""yes"";""yes"";""yes"";""no"";4;5;5;2;4;5;0;""10"";""10"";9"
389,"GP;""F"";18;""U"";""LE3"";""T"";2;2;""other"";""other"";""home"";""other"";1;2;0;""no"";""no"";""no"";""yes"";""no"";""yes"";""yes"";""yes"";4;3;3;1;1;2;0;""10"";""9"";12"
1,"GP;""F"";17;""U"";""GT3"";""T"";1;1;""at_home"";""other"";""course"";""father"";1;2;0;""no"";""yes"";""no"";""no"";""no"";""yes"";""yes"";""no"";5;3;3;1;1;3;2;""9"";""11"";11"
605,"MS;""F"";19;""U"";""GT3"";""T"";1;1;""at_home"";""services"";""other"";""father"";2;1;1;""no"";""no"";""no"";""no"";""yes"";""no"";""no"";""no"";5;5;5;2;3;2;0;""5"";""0"";0"
561,"MS;""M"";18;""U"";""LE3"";""T"";1;1;""at_home"";""at_home"";""course"";""mother"";2;2;0;""no"";""yes"";""no"";""yes"";""yes"";""yes"";""no"";""no"";4;3;3;1;4;5;6;""10"";""9"";10"
80,"GP;""M"";15;""U"";""GT3"";""T"";2;3;""other"";""services"";""course"";""father"";1;1;0;""yes"";""yes"";""no"";""yes"";""no"";""yes"";""yes"";""yes"";3;2;2;1;3;3;0;""11"";""11"";12"
205,"GP;""F"";17;""U"";""GT3"";""T"";1;1;""at_home"";""services"";""course"";""mother"";1;2;0;""no"";""no"";""no"";""yes"";""yes"";""yes"";""yes"";""no"";5;3;3;1;1;3;0;""12"";""11"";12"
34,"GP;""M"";16;""U"";""GT3"";""T"";3;2;""other"";""other"";""home"";""mother"";1;1;0;""no"";""yes"";""no"";""no"";""no"";""yes"";""yes"";""no"";5;4;3;1;1;5;4;""12"";""12"";12"
508,"MS;""M"";17;""R"";""GT3"";""T"";2;2;""other"";""other"";""course"";""mother"";3;1;1;""no"";""yes"";""no"";""no"";""no"";""yes"";""yes"";""no"";4;4;5;1;2;5;0;""10"";""9"";9"
427,"MS;""F"";16;""R"";""GT3"";""T"";2;3;""at_home"";""services"";""course"";""mother"";2;2;0;""no"";""no"";""no"";""no"";""yes"";""yes"";""no"";""no"";4;5;2;1;2;5;0;""16"";""17"";17"
454,"MS;""F"";16;""U"";""GT3"";""T"";1;2;""other"";""services"";""course"";""mother"";1;3;1;""no"";""yes"";""no"";""no"";""yes"";""yes"";""no"";""no"";1;3;2;1;2;4;3;""9"";""8"";8"
366,"GP;""F"";17;""U"";""LE3"";""A"";3;3;""services"";""other"";""home"";""mother"";1;2;0;""yes"";""yes"";""no"";""no"";""yes"";""yes"";""yes"";""no"";5;3;3;1;1;5;0;""12"";""12"";13"
91,"GP;""F"";15;""U"";""GT3"";""T"";4;3;""services"";""other"";""reputation"";""mother"";1;1;0;""no"";""no"";""no"";""yes"";""yes"";""yes"";""yes"";""no"";4;5;5;1;3;1;6;""14"";""13"";13"
339,"GP;""M"";18;""R"";""LE3"";""T"";3;2;""services"";""other"";""reputation"";""mother"";2;3;0;""no"";""yes"";""no"";""yes"";""yes"";""yes"";""yes"";""no"";5;4;2;1;1;4;0;""14"";""15"";15"
564,"MS;""M"";16;""R"";""GT3"";""T"";3;2;""services"";""other"";""course"";""father"";2;1;0;""no"";""no"";""no"";""no"";""yes"";""yes"";""yes"";""no"";4;5;5;2;3;5;2;""11"";""9"";10"
345,"GP;""F"";18;""U"";""LE3"";""A"";4;4;""health"";""other"";""home"";""mother"";1;2;0;""no"";""yes"";""yes"";""no"";""yes"";""yes"";""yes"";""yes"";4;2;4;1;1;4;0;""14"";""15"";15"
241,"GP;""M"";17;""U"";""LE3"";""T"";2;3;""services"";""services"";""reputation"";""father"";1;2;0;""no"";""yes"";""no"";""no"";""no"";""yes"";""yes"";""no"";5;3;3;1;3;3;0;""10"";""11"";11"
13,"GP;""M"";15;""U"";""GT3"";""T"";4;3;""teacher"";""other"";""course"";""mother"";2;2;0;""no"";""yes"";""no"";""no"";""yes"";""yes"";""yes"";""no"";5;4;3;1;2;3;0;""12"";""12"";13"
315,"GP;""F"";18;""U"";""GT3"";""T"";2;1;""other"";""other"";""home"";""mother"";1;2;0;""no"";""yes"";""no"";""no"";""yes"";""yes"";""yes"";""yes"";4;2;5;1;2;1;8;""14"";""14"";15"
600,"MS;""M"";17;""R"";""GT3"";""T"";1;1;""other"";""services"";""other"";""father"";3;1;0;""no"";""no"";""no"";""no"";""no"";""no"";""no"";""no"";4;2;3;3;4;4;4;""12"";""13"";14"
387,"GP;""M"";18;""U"";""GT3"";""T"";2;2;""other"";""other"";""reputation"";""mother"";1;1;0;""no"";""no"";""no"";""no"";""no"";""yes"";""yes"";""no"";5;4;2;1;2;5;6;""15"";""14"";15"
273,"GP;""F"";17;""U"";""GT3"";""T"";3;3;""services"";""other"";""home"";""mother"";2;3;0;""no"";""yes"";""no"";""no"";""yes"";""yes"";""yes"";""yes"";4;2;2;2;3;5;10;""11"";""11"";11"
166,"GP;""M"";19;""U"";""GT3"";""T"";3;2;""services"";""at_home"";""home"";""mother"";1;1;0;""no"";""yes"";""no"";""no"";""yes"";""no"";""yes"";""yes"";4;5;4;1;1;4;6;""11"";""9"";11"
643,"MS;""F"";18;""R"";""GT3"";""T"";4;4;""teacher"";""at_home"";""reputation"";""mother"";3;1;0;""no"";""yes"";""no"";""yes"";""yes"";""yes"";""yes"";""yes"";4;4;3;2;2;5;4;""7"";""9"";10"
484,"MS;""F"";16;""U"";""LE3"";""A"";2;2;""other"";""other"";""home"";""mother"";1;1;0;""no"";""yes"";""no"";""no"";""yes"";""no"";""no"";""no"";4;3;4;1;2;1;6;""7"";""7"";8"
633,"MS;""F"";18;""R"";""LE3"";""T"";4;4;""teacher"";""services"";""course"";""mother"";1;2;0;""no"";""no"";""no"";""yes"";""yes"";""yes"";""yes"";""no"";5;4;3;3;4;2;1;""13"";""14"";14"
504,"MS;""F"";19;""U"";""LE3"";""T"";2;2;""other"";""other"";""home"";""mother"";1;3;0;""no"";""no"";""no"";""no"";""yes"";""yes"";""yes"";""yes"";5;4;5;1;1;1;0;""12"";""13"";13"
243,"GP;""F"";17;""U"";""GT3"";""A"";2;1;""other"";""other"";""course"";""mother"";2;3;0;""no"";""no"";""no"";""yes"";""yes"";""yes"";""yes"";""yes"";3;2;3;1;2;3;0;""15"";""15"";16"
566,"MS;""M"";18;""R"";""GT3"";""T"";1;1;""services"";""other"";""course"";""other"";2;1;1;""no"";""yes"";""no"";""no"";""yes"";""no"";""yes"";""yes"";5;3;3;2;3;5;2;""9"";""7"";9"
562,"MS;""F"";16;""R"";""LE3"";""T"";2;2;""other"";""services"";""course"";""father"";1;2;0;""no"";""no"";""no"";""yes"";""yes"";""yes"";""no"";""yes"";5;4;3;1;1;1;0;""11"";""13"";12"
189,"GP;""M"";17;""U"";""LE3"";""T"";4;3;""teacher"";""other"";""course"";""mother"";2;2;0;""no"";""no"";""no"";""yes"";""yes"";""yes"";""yes"";""no"";4;4;4;4;4;4;0;""10"";""11"";11"
475,"MS;""F"";15;""U"";""GT3"";""T"";2;2;""other"";""services"";""course"";""mother"";2;3;0;""no"";""yes"";""no"";""yes"";""yes"";""yes"";""no"";""no"";5;3;2;1;1;4;0;""12"";""13"";14"
510,"MS;""F"";17;""R"";""GT3"";""T"";2;2;""other"";""other"";""reputation"";""mother"";2;2;0;""no"";""yes"";""no"";""yes"";""yes"";""yes"";""no"";""no"";5;3;2;1;1;1;0;""15"";""17"";17"
58,"GP;""M"";15;""U"";""LE3"";""T"";1;2;""other"";""at_home"";""home"";""father"";1;2;0;""yes"";""yes"";""no"";""yes"";""yes"";""yes"";""yes"";""no"";4;3;2;1;1;5;0;""14"";""13"";14"
474,"MS;""M"";15;""R"";""LE3"";""T"";1;3;""at_home"";""other"";""reputation"";""father"";3;1;0;""no"";""yes"";""no"";""yes"";""yes"";""yes"";""yes"";""no"";4;2;4;3;5;3;2;""10"";""11"";11"
560,"MS;""M"";17;""R"";""GT3"";""T"";1;1;""other"";""services"";""course"";""mother"";2;1;0;""no"";""yes"";""no"";""yes"";""no"";""yes"";""yes"";""yes"";4;5;5;1;3;2;0;""10"";""9"";10"
252,"GP;""F"";16;""U"";""GT3"";""A"";4;1;""other"";""other"";""home"";""mother"";1;2;0;""no"";""no"";""no"";""yes"";""yes"";""yes"";""yes"";""yes"";5;3;3;1;2;5;0;""14"";""13"";13"
21,"GP;""M"";15;""U"";""GT3"";""T"";4;4;""health"";""health"";""other"";""father"";1;1;0;""no"";""yes"";""yes"";""no"";""yes"";""yes"";""yes"";""no"";5;4;2;1;1;5;0;""11"";""12"";12"
313,"GP;""F"";18;""U"";""LE3"";""T"";1;1;""other"";""other"";""home"";""mother"";2;2;0;""no"";""yes"";""no"";""no"";""no"";""yes"";""no"";""no"";4;4;3;1;1;3;2;""13"";""13"";13"
459,"MS;""F"";16;""R"";""GT3"";""T"";1;1;""at_home"";""other"";""other"";""father"";4;3;0;""yes"";""yes"";""no"";""no"";""yes"";""yes"";""no"";""no"";4;4;3;1;1;5;2;""10"";""9"";10"
160,"GP;""F"";15;""U"";""GT3"";""T"";1;2;""at_home"";""services"";""course"";""father"";1;2;0;""no"";""no"";""no"";""no"";""no"";""yes"";""no"";""yes"";2;3;4;2;4;1;6;""11"";""11"";11"
276,"GP;""M"";16;""U"";""GT3"";""T"";2;1;""other"";""other"";""course"";""mother"";3;1;0;""no"";""no"";""no"";""no"";""yes"";""yes"";""yes"";""no"";4;3;3;1;1;4;7;""15"";""16"";16"
191,"GP;""M"";17;""U"";""GT3"";""T"";3;3;""other"";""other"";""reputation"";""father"";1;2;0;""no"";""no"";""no"";""yes"";""no"";""yes"";""yes"";""no"";4;3;4;1;4;4;4;""11"";""9"";10"
385,"GP;""F"";18;""U"";""GT3"";""T"";2;2;""at_home"";""other"";""course"";""mother"";4;2;0;""no"";""no"";""no"";""yes"";""yes"";""yes"";""no"";""yes"";4;2;5;1;1;2;2;""10"";""9"";10"
413,"GP;""M"";21;""R"";""LE3"";""T"";1;1;""at_home"";""other"";""course"";""other"";2;2;2;""no"";""yes"";""no"";""yes"";""yes"";""no"";""yes"";""yes"";5;3;3;5;2;4;21;""9"";""10"";10"
491,"MS;""F"";19;""U"";""GT3"";""T"";1;1;""other"";""other"";""course"";""other"";2;2;1;""no"";""yes"";""no"";""no"";""yes"";""yes"";""yes"";""yes"";1;1;4;4;1;1;12;""7"";""8"";9"
343,"GP;""F"";18;""U"";""GT3"";""T"";4;3;""other"";""other"";""reputation"";""father"";1;4;0;""no"";""yes"";""no"";""no"";""yes"";""yes"";""yes"";""no"";4;3;3;1;1;3;0;""16"";""17"";17"
308,"GP;""F"";18;""R"";""GT3"";""T"";4;4;""teacher"";""other"";""reputation"";""mother"";2;2;0;""no"";""no"";""no"";""yes"";""yes"";""yes"";""yes"";""no"";4;3;4;2;2;4;8;""10"";""11"";12"
130,"GP;""F"";15;""R"";""GT3"";""T"";3;4;""services"";""teacher"";""course"";""father"";2;3;0;""no"";""yes"";""no"";""no"";""yes"";""yes"";""yes"";""yes"";4;2;2;2;2;5;0;""10"";""11"";12"
99,"GP;""F"";16;""U"";""GT3"";""T"";4;3;""other"";""at_home"";""course"";""mother"";1;3;0;""yes"";""yes"";""no"";""no"";""yes"";""yes"";""yes"";""no"";5;3;5;1;1;3;2;""12"";""13"";13"
372,"GP;""F"";17;""U"";""GT3"";""T"";2;2;""other"";""other"";""course"";""mother"";1;2;0;""no"";""yes"";""no"";""no"";""yes"";""yes"";""no"";""yes"";4;2;2;1;1;3;4;""14"";""13"";13"
87,"GP;""F"";15;""U"";""GT3"";""T"";4;2;""other"";""other"";""reputation"";""mother"";1;3;0;""no"";""yes"";""no"";""yes"";""yes"";""yes"";""yes"";""no"";5;3;3;1;3;1;4;""15"";""15"";15"
458,"MS;""F"";16;""R"";""GT3"";""T"";1;1;""other"";""other"";""home"";""father"";4;4;0;""no"";""yes"";""no"";""no"";""no"";""yes"";""yes"";""no"";4;3;2;1;1;1;0;""13"";""10"";13"
330,"GP;""F"";18;""U"";""GT3"";""T"";2;1;""other"";""other"";""reputation"";""mother"";2;2;0;""no"";""no"";""no"";""yes"";""yes"";""yes"";""yes"";""yes"";4;3;1;1;1;5;10;""12"";""13"";14"
214,"GP;""F"";16;""U"";""GT3"";""T"";4;3;""health"";""other"";""home"";""mother"";1;2;0;""no"";""yes"";""no"";""yes"";""yes"";""yes"";""yes"";""no"";4;3;5;1;5;2;2;""14"";""14"";15"
466,"MS;""M"";15;""U"";""GT3"";""T"";3;1;""other"";""services"";""home"";""mother"";2;1;0;""no"";""yes"";""no"";""no"";""yes"";""yes"";""no"";""no"";3;2;3;1;3;4;0;""10"";""9"";11"
121,"GP;""M"";15;""U"";""GT3"";""T"";2;2;""services"";""services"";""home"";""father"";1;4;0;""no"";""yes"";""no"";""yes"";""yes"";""yes"";""yes"";""no"";5;5;4;1;2;5;6;""14"";""13"";13"
614,"MS;""F"";17;""R"";""GT3"";""T"";4;4;""teacher"";""services"";""other"";""father"";2;2;0;""no"";""yes"";""yes"";""yes"";""yes"";""yes"";""yes"";""no"";4;3;3;1;2;5;2;""12"";""12"";12"
20,"GP;""M"";15;""U"";""GT3"";""T"";4;3;""teacher"";""other"";""reputation"";""mother"";1;2;0;""no"";""no"";""no"";""no"";""yes"";""yes"";""yes"";""no"";4;4;1;1;1;1;0;""12"";""13"";14"
71,"GP;""M"";15;""U"";""GT3"";""T"";4;2;""other"";""other"";""course"";""mother"";1;4;0;""no"";""no"";""no"";""no"";""yes"";""yes"";""yes"";""no"";3;3;3;1;1;3;0;""11"";""9"";10"
106,"GP;""F"";15;""U"";""GT3"";""T"";2;2;""other"";""other"";""course"";""mother"";1;4;0;""yes"";""yes"";""no"";""no"";""yes"";""yes"";""yes"";""no"";5;1;2;1;1;3;4;""10"";""10"";10"
270,"GP;""M"";16;""U"";""GT3"";""T"";4;4;""services"";""services"";""course"";""mother"";1;1;0;""no"";""no"";""yes"";""yes"";""yes"";""yes"";""yes"";""no"";5;3;2;1;2;5;4;""14"";""15"";15"
435,"MS;""F"";15;""R"";""LE3"";""T"";1;1;""at_home"";""services"";""reputation"";""father"";2;2;0;""no"";""yes"";""no"";""no"";""yes"";""yes"";""yes"";""no"";5;4;3;1;2;4;0;""10"";""10"";10"
102,"GP;""M"";15;""U"";""GT3"";""T"";4;4;""services"";""other"";""course"";""mother"";1;1;0;""no"";""yes"";""yes"";""yes"";""no"";""yes"";""yes"";""no"";5;3;3;1;1;5;2;""12"";""13"";12"
